Li,C,O,Mg,Si,Ca,Ti,V,Cr,Mn,Fe,Co,Ni,Cu,Zn,Nb,Cd,Sn,La,Ce,Nd,Ta,W,Bi,alkali,acid,water,ethanol,glycol,acetone,cms,adsorption,heat1,heat2,shell_number
0.0,0.0,0.5714,0.0,0.0,0.0,0.0,0.0,0.0,0.0,0.0,0.2857,0.1429,0.0,0.0,0.0,0.0,0.0,0.0,0.0,0.0,0.0,0.0,0.0,0,0,1.0,0.0,0.0,0.0,0,-0.44235570670456525,-0.08268901483958248,-0.09786609232455466,0
0.0,0.2,0.6,0.0,0.0,0.2,0.0,0.0,0.0,0.0,0.0,0.0,0.0,0.0,0.0,0.0,0.0,0.0,0.0,0.0,0.0,0.0,0.0,0.0,0,0,0.333,0.667,0.0,0.0,0,0.09828393867137616,-0.11706523294434776,-0.09614847371650391,1
0.0,0.1429,0.5714,0.0,0.0,0.1429,0.0,0.0,0.0,0.1429,0.0,0.0,0.0,0.0,0.0,0.0,0.0,0.0,0.0,0.0,0.0,0.0,0.0,0.0,0,0,0.333,0.667,0.0,0.0,0,0.11705909672248326,-0.11706523294434776,-0.09614847371650391,1
0.0,0.1429,0.5714,0.0,0.0,0.1429,0.0,0.0,0.0,0.1429,0.0,0.0,0.0,0.0,0.0,0.0,0.0,0.0,0.0,0.0,0.0,0.0,0.0,0.0,0,0,0.333,0.667,0.0,0.0,0,0.14520775946777129,-0.11706523294434776,-0.09614847371650391,1
0.0,0.1429,0.5714,0.0,0.0,0.1429,0.0,0.0,0.0,0.1429,0.0,0.0,0.0,0.0,0.0,0.0,0.0,0.0,0.0,0.0,0.0,0.0,0.0,0.0,0,0,0.333,0.667,0.0,0.0,0,0.10632601161770497,-0.11706523294434776,-0.09614847371650391,1
0.0,0.0,0.6667,0.0,0.0,0.0,0.0,0.0,0.0,0.0,0.0,0.0,0.0,0.0,0.0,0.0,0.0,0.0,0.0,0.0,0.0,0.0,0.1111,0.2222,0,0,0.0,0.0,1.0,0.0,1,-0.015492749400947844,-0.11681251668748847,-0.09771672798214359,1
0.0,0.0,0.5,0.0,0.0,0.0,0.0,0.0,0.0,0.125,0.0,0.375,0.0,0.0,0.0,0.0,0.0,0.0,0.0,0.0,0.0,0.0,0.0,0.0,0,0,0.25,0.75,0.0,0.0,0,-0.4520224179990039,-0.11649229597593501,-0.09786609232455466,1
0.0,0.0,0.5,0.0,0.0,0.0,0.0,0.0,0.0,0.0,0.0,0.375,0.0,0.0,0.125,0.0,0.0,0.0,0.0,0.0,0.0,0.0,0.0,0.0,0,0,0.25,0.75,0.0,0.0,0,-0.4520224179990039,-0.11649229597593501,-0.09786609232455466,1
0.0,0.0,0.5714,0.0,0.0,0.0,0.0,0.0,0.0,0.0,0.0,0.4286,0.0,0.0,0.0,0.0,0.0,0.0,0.0,0.0,0.0,0.0,0.0,0.0,0,0,0.25,0.75,0.0,0.0,0,-0.4520224179990039,-0.11649229597593501,-0.09786609232455466,1
0.0,0.0,0.6,0.0,0.0,0.0,0.0,0.0,0.0,0.0,0.4,0.0,0.0,0.0,0.0,0.0,0.0,0.0,0.0,0.0,0.0,0.0,0.0,0.0,0,0,0.333,0.667,0.0,0.0,1,-0.39656487817567315,-0.1057199464411249,-0.09786609232455466,0
0.0,0.0,0.6,0.0,0.0,0.0,0.0,0.0,0.0,0.0,0.4,0.0,0.0,0.0,0.0,0.0,0.0,0.0,0.0,0.0,0.0,0.0,0.0,0.0,0,0,0.333,0.667,0.0,0.0,1,-0.3284404401169629,-0.1057199464411249,-0.09786609232455466,1
0.0,0.0,0.6667,0.0,0.0,0.0,0.0,0.0,0.0,0.0,0.0,0.0,0.0,0.0,0.0,0.0,0.0,0.3333,0.0,0.0,0.0,0.0,0.0,0.0,1,0,1.0,0.0,0.0,0.0,1,-0.4512891505030924,-0.11591935900752225,-0.09786609232455466,0
0.0,0.0,0.6667,0.0,0.0,0.0,0.0,0.0,0.0,0.0,0.0,0.0,0.0,0.0,0.0,0.0,0.0,0.3333,0.0,0.0,0.0,0.0,0.0,0.0,0,0,1.0,0.0,0.0,0.0,1,-0.43788898477180127,-0.11591935900752225,-0.09786609232455466,1
0.0,0.0,0.6667,0.0,0.0,0.0,0.0,0.0,0.0,0.0,0.0,0.0,0.0,0.0,0.0,0.0,0.0,0.3333,0.0,0.0,0.0,0.0,0.0,0.0,0,0,1.0,0.0,0.0,0.0,1,-0.39768848757792796,-0.11591935900752225,-0.09786609232455466,1
0.0,0.0,0.6667,0.0,0.0,0.0,0.0,0.0,0.0,0.0,0.0,0.0,0.0,0.0,0.0,0.0,0.0,0.3333,0.0,0.0,0.0,0.0,0.0,0.0,0,0,1.0,0.0,0.0,0.0,1,-0.30388732745889036,-0.11591935900752225,-0.09786609232455466,1
0.0,0.0,0.6667,0.0,0.0,0.0,0.0,0.0,0.0,0.0,0.0,0.0,0.0,0.0,0.0,0.0,0.0,0.3333,0.0,0.0,0.0,0.0,0.0,0.0,0,0,0.333,0.667,0.0,0.0,1,-0.4546391919359151,-0.10560649357609268,-0.09786609232455466,1
0.0,0.0,0.5714,0.1429,0.0,0.0,0.0,0.0,0.0,0.0,0.0,0.2857,0.0,0.0,0.0,0.0,0.0,0.0,0.0,0.0,0.0,0.0,0.0,0.0,0,0,0.0,0.0,1.0,0.0,0,-0.46193983279097195,-0.1170652000430169,-0.09786609232455466,1
0.0,0.0,0.5714,0.1429,0.0,0.0,0.0,0.0,0.0,0.0,0.0,0.2857,0.0,0.0,0.0,0.0,0.0,0.0,0.0,0.0,0.0,0.0,0.0,0.0,0,0,0.0,0.0,1.0,0.0,0,-0.46193983279097195,-0.11704838519389048,-0.09786609232455466,1
0.0,0.0,0.5714,0.1429,0.0,0.0,0.0,0.0,0.0,0.0,0.0,0.2857,0.0,0.0,0.0,0.0,0.0,0.0,0.0,0.0,0.0,0.0,0.0,0.0,0,0,0.0,0.0,1.0,0.0,0,-0.46193983279097195,-0.1153464220391095,-0.09786609232455466,1
0.1429,0.0,0.5714,0.0,0.0,0.0,0.0,0.0,0.0,0.2857,0.0,0.0,0.0,0.0,0.0,0.0,0.0,0.0,0.0,0.0,0.0,0.0,0.0,0.0,0,0,1.0,0.0,0.0,0.0,1,-0.015068025046895497,-0.07660037774951955,-0.09786609232455466,1
0.1429,0.0,0.5714,0.0,0.0,0.0,0.0,0.0,0.0,0.2857,0.0,0.0,0.0,0.0,0.0,0.0,0.0,0.0,0.0,0.0,0.0,0.0,0.0,0.0,0,0,1.0,0.0,0.0,0.0,1,0.4345532661405925,-0.09683280534693366,-0.09786609232455466,1
0.1429,0.0,0.5714,0.0,0.0,0.0,0.0,0.0,0.0,0.2857,0.0,0.0,0.0,0.0,0.0,0.0,0.0,0.0,0.0,0.0,0.0,0.0,0.0,0.0,0,0,1.0,0.0,0.0,0.0,1,-0.015068025046895497,0.2875833190039343,-0.09786609232455466,1
0.0,0.0,0.6667,0.0,0.0,0.0,0.0,0.0,0.0,0.0,0.0,0.0,0.0,0.0,0.0,0.0,0.0,0.3333,0.0,0.0,0.0,0.0,0.0,0.0,0,0,0.75,0.25,0.0,0.0,1,-0.41443869474204187,-0.1153464220391095,-0.09786609232455466,1
0.0,0.0,0.6667,0.0,0.0,0.0,0.0,0.0,0.0,0.0,0.0,0.0,0.0,0.0,0.0,0.0,0.0,0.3333,0.0,0.0,0.0,0.0,0.0,0.0,0,0,0.75,0.25,0.0,0.0,1,-0.4546391919359151,-0.1153464220391095,-0.09786609232455466,1
0.0,0.0,0.6,0.0,0.0,0.0,0.0,0.0,0.0,0.0,0.4,0.0,0.0,0.0,0.0,0.0,0.0,0.0,0.0,0.0,0.0,0.0,0.0,0.0,0,0,0.667,0.333,0.0,0.0,1,0.7817755380629888,-0.11649229597593501,-0.09786609232455466,1
0.0,0.0,0.5714,0.0,0.0,0.0,0.0,0.0,0.0,0.0714,0.2857,0.0714,0.0,0.0,0.0,0.0,0.0,0.0,0.0,0.0,0.0,0.0,0.0,0.0,0,0,0.0,0.0,1.0,0.0,0,1.9814195885684023,-0.11477348507069675,-0.09786609232455466,1
0.0,0.0,0.5714,0.0,0.0,0.0,0.0,0.0,0.0,0.0357,0.2857,0.1071,0.0,0.0,0.0,0.0,0.0,0.0,0.0,0.0,0.0,0.0,0.0,0.0,0,0,0.0,0.0,1.0,0.0,0,1.9814195885684023,-0.11477348507069675,-0.09786609232455466,1
0.0,0.0,0.5714,0.0,0.0,0.0,0.0,0.0,0.0,0.1071,0.2857,0.0357,0.0,0.0,0.0,0.0,0.0,0.0,0.0,0.0,0.0,0.0,0.0,0.0,0,0,0.0,0.0,1.0,0.0,0,1.9814195885684023,-0.11477348507069675,-0.09786609232455466,1
0.0,0.0,0.6,0.0,0.0,0.0,0.0,0.0,0.0,0.0,0.4,0.0,0.0,0.0,0.0,0.0,0.0,0.0,0.0,0.0,0.0,0.0,0.0,0.0,0,0,0.0,0.0,1.0,0.0,0,-0.463964543225553,-0.11477348507069675,-0.09786609232455466,0
0.0,0.0,0.6,0.0,0.0,0.0,0.0,0.0,0.0,0.0,0.4,0.0,0.0,0.0,0.0,0.0,0.0,0.0,0.0,0.0,0.0,0.0,0.0,0.0,0,0,0.0,0.0,1.0,0.0,0,-0.4634209634689302,-0.11477348507069675,-0.09786609232455466,1
0.0,0.0,0.6,0.0,0.0,0.0,0.0,0.0,0.0,0.4,0.0,0.0,0.0,0.0,0.0,0.0,0.0,0.0,0.0,0.0,0.0,0.0,0.0,0.0,0,0,1.0,0.0,0.0,0.0,1,0.13831814167371576,-0.1153464220391095,-0.09786609232455466,1
0.0,0.0,0.6,0.0,0.0,0.0,0.0,0.0,0.0,0.4,0.0,0.0,0.0,0.0,0.0,0.0,0.0,0.0,0.0,0.0,0.0,0.0,0.0,0.0,0,0,1.0,0.0,0.0,0.0,1,-0.2636868302650171,-0.1153464220391095,-0.09786609232455466,0
0.0,0.0,0.5714,0.0,0.0,0.0,0.0,0.0,0.0,0.2857,0.0,0.1429,0.0,0.0,0.0,0.0,0.0,0.0,0.0,0.0,0.0,0.0,0.0,0.0,0,0,0.0,0.0,1.0,0.0,1,-0.46389417156868984,-0.11018998932339472,-0.09786609232455466,1
0.0,0.0,0.5714,0.0,0.0,0.0,0.0,0.0,0.0,0.2143,0.0,0.2143,0.0,0.0,0.0,0.0,0.0,0.0,0.0,0.0,0.0,0.0,0.0,0.0,0,0,0.0,0.0,1.0,0.0,1,-0.46389417156868984,-0.11018998932339472,-0.09786609232455466,1
0.0,0.0,0.5714,0.0,0.0,0.0,0.0,0.0,0.0,0.1429,0.0,0.2857,0.0,0.0,0.0,0.0,0.0,0.0,0.0,0.0,0.0,0.0,0.0,0.0,0,0,0.0,0.0,1.0,0.0,1,-0.46389417156868984,-0.11018998932339472,-0.09786609232455466,1
0.0,0.0,0.5714,0.0,0.0,0.0,0.0,0.0,0.0,0.2857,0.0,0.0,0.0,0.0,0.1429,0.0,0.0,0.0,0.0,0.0,0.0,0.0,0.0,0.0,0,0,1.0,0.0,0.0,0.0,1,-0.46389417156868984,-0.11018998932339472,-0.09786609232455466,1
0.0,0.0,0.5714,0.0,0.0,0.0,0.0,0.0,0.0,0.0,0.0,0.2857,0.0,0.0,0.1429,0.0,0.0,0.0,0.0,0.0,0.0,0.0,0.0,0.0,0,0,1.0,0.0,0.0,0.0,1,-0.46389417156868984,-0.11018998932339472,-0.09786609232455466,1
0.0,0.0,0.5714,0.0,0.0,0.0,0.0,0.0,0.0,0.0,0.0,0.2857,0.1429,0.0,0.0,0.0,0.0,0.0,0.0,0.0,0.0,0.0,0.0,0.0,0,0,1.0,0.0,0.0,0.0,1,-0.46389417156868984,-0.11018998932339472,-0.09786609232455466,1
0.0,0.0,0.6,0.0,0.0,0.0,0.0,0.0,0.0,0.0,0.4,0.0,0.0,0.0,0.0,0.0,0.0,0.0,0.0,0.0,0.0,0.0,0.0,0.0,0,0,1.0,0.0,0.0,0.0,1,0.5403231136124486,-0.11591935900752225,-0.09786609232455466,1
0.0,0.0,0.6,0.0,0.0,0.0,0.0,0.0,0.0,0.0,0.4,0.0,0.0,0.0,0.0,0.0,0.0,0.0,0.0,0.0,0.0,0.0,0.0,0.0,0,0,1.0,0.0,0.0,0.0,1,0.23881938465839894,-0.11591935900752225,-0.09786609232455466,1
0.0,0.0,0.6,0.0,0.0,0.0,0.0,0.0,0.0,0.0,0.4,0.0,0.0,0.0,0.0,0.0,0.0,0.0,0.0,0.0,0.0,0.0,0.0,0.0,0,0,1.0,0.0,0.0,0.0,1,0.03781689868903256,-0.11591935900752225,-0.09786609232455466,0
0.0,0.0,0.6,0.0,0.0,0.0,0.0,0.0,0.0,0.0,0.4,0.0,0.0,0.0,0.0,0.0,0.0,0.0,0.0,0.0,0.0,0.0,0.0,0.0,0,0,0.667,0.333,0.0,0.0,1,0.03781689868903256,-0.11591935900752225,-0.09786609232455466,0
0.0,0.0,0.6,0.0,0.0,0.0,0.0,0.0,0.0,0.0,0.4,0.0,0.0,0.0,0.0,0.0,0.0,0.0,0.0,0.0,0.0,0.0,0.0,0.0,0,0,0.667,0.333,0.0,0.0,1,0.23881938465839894,-0.11591935900752225,-0.09786609232455466,1
0.0,0.0,0.6,0.0,0.0,0.0,0.0,0.0,0.0,0.0,0.4,0.0,0.0,0.0,0.0,0.0,0.0,0.0,0.0,0.0,0.0,0.0,0.0,0.0,0,0,0.667,0.333,0.0,0.0,1,0.33932062764308213,-0.11591935900752225,-0.09786609232455466,1
0.0,0.0,0.6,0.0,0.0,0.0,0.0,0.0,0.0,0.0,0.4,0.0,0.0,0.0,0.0,0.0,0.0,0.0,0.0,0.0,0.0,0.0,0.0,0.0,0,0,0.667,0.333,0.0,0.0,1,0.5403231136124486,-0.11591935900752225,-0.09786609232455466,1
0.0,0.0,0.6,0.0,0.0,0.0,0.0,0.0,0.0,0.04,0.04,0.04,0.04,0.04,0.0,0.0,0.0,0.0,0.2,0.0,0.0,0.0,0.0,0.0,0,1,0.0,1.0,0.0,0.0,0,-0.2636868302650171,10.207145484988455,-0.09786609232455466,1
0.0,0.0,0.5,0.0,0.0,0.0,0.0,0.0,0.0,0.0,0.0,0.0,0.5,0.0,0.0,0.0,0.0,0.0,0.0,0.0,0.0,0.0,0.0,0.0,0,1,0.0,1.0,0.0,0.0,0,-0.46227728640275106,-0.09987712389196512,-0.09786609232455466,1
0.0,0.0,0.5714,0.0,0.0,0.0,0.0,0.0,0.0,0.0,0.0,0.4286,0.0,0.0,0.0,0.0,0.0,0.0,0.0,0.0,0.0,0.0,0.0,0.0,0,1,0.0,1.0,0.0,0.0,0,-0.4606692665149961,-0.09987712389196512,-0.09786609232455466,1
0.0,0.0,0.5714,0.0,0.0,0.0,0.0,0.0,0.0,0.2857,0.0,0.1429,0.0,0.0,0.0,0.0,0.0,0.0,0.0,0.0,0.0,0.0,0.0,0.0,0,1,0.0,1.0,0.0,0.0,0,-0.43735297814254964,-0.09987712389196512,-0.09786609232455466,1
0.0,0.0,0.6,0.0,0.0,0.0,0.0,0.0,0.0,0.0,0.0,0.2,0.0,0.0,0.0,0.0,0.0,0.0,0.2,0.0,0.0,0.0,0.0,0.0,0,1,0.0,1.0,0.0,0.0,0,-0.4003685207241862,10.207145484988455,-0.09786609232455466,1
0.0,0.0,0.6,0.0,0.0,0.0,0.0,0.0,0.0,0.1,0.0,0.1,0.0,0.0,0.0,0.0,0.0,0.0,0.2,0.0,0.0,0.0,0.0,0.0,0,1,0.0,1.0,0.0,0.0,0,-0.3621780483900066,10.207145484988455,-0.09786609232455466,1
0.0,0.0,0.6667,0.0,0.0,0.0,0.0,0.0,0.0,0.0,0.0,0.0,0.0,0.0,0.0,0.0,0.0,0.0,0.0,0.3333,0.0,0.0,0.0,0.0,0,0,1.0,0.0,0.0,0.0,0,-0.3186818924583797,-0.11649229597593501,-0.09786609232455466,0
0.0,0.0,0.6667,0.0,0.0,0.0,0.0,0.0,0.0,0.0,0.0,0.0,0.0,0.0,0.0,0.0,0.0,0.0,0.0,0.3333,0.0,0.0,0.0,0.0,0,0,1.0,0.0,0.0,0.0,0,-0.3186818924583797,-0.11591935900752225,-0.09786609232455466,1
0.0,0.0,0.6667,0.0,0.0,0.0,0.0,0.0,0.0,0.0,0.0,0.0,0.0,0.0,0.0,0.0,0.0,0.0,0.0,0.3333,0.0,0.0,0.0,0.0,0,0,1.0,0.0,0.0,0.0,0,-0.3186818924583797,-0.11133586326022021,-0.09786609232455466,1
0.0,0.0,0.6667,0.0,0.0,0.0,0.0,0.0,0.0,0.0,0.0,0.0,0.0,0.0,0.0,0.0,0.0,0.0,0.0,0.3333,0.0,0.0,0.0,0.0,0,0,1.0,0.0,0.0,0.0,0,-0.3186818924583797,-0.10847117841815646,-0.09786609232455466,1
0.0,0.0,0.6,0.0,0.0,0.0,0.0,0.0,0.0,0.0,0.0,0.0,0.0,0.0,0.0,0.0,0.0,0.0,0.4,0.0,0.0,0.0,0.0,0.0,0,0,1.0,0.0,0.0,0.0,0,-0.3186818924583797,-0.10847117841815646,-0.09786609232455466,0
0.0,0.0,0.6,0.0,0.0,0.0,0.0,0.0,0.0,0.0,0.0,0.0,0.0,0.0,0.0,0.0,0.0,0.0,0.0,0.0,0.4,0.0,0.0,0.0,0,0,1.0,0.0,0.0,0.0,0,-0.3186818924583797,-0.10847117841815646,-0.09786609232455466,1
0.0,0.0,0.5714,0.0,0.0,0.0,0.0,0.0,0.0,0.0,0.0,0.4286,0.0,0.0,0.0,0.0,0.0,0.0,0.0,0.0,0.0,0.0,0.0,0.0,0,0,1.0,0.0,0.0,0.0,0,-0.3186818924583797,-0.10847117841815646,-0.09786609232455466,1
0.0,0.0,0.5,0.0,0.0,0.0,0.0,0.0,0.0,0.0,0.0,0.0,0.5,0.0,0.0,0.0,0.0,0.0,0.0,0.0,0.0,0.0,0.0,0.0,0,0,1.0,0.0,0.0,0.0,0,-0.3186818924583797,-0.10847117841815646,-0.09786609232455466,1
0.0,0.0,0.5,0.0,0.0,0.0,0.0,0.0,0.0,0.0,0.0,0.0,0.0,0.0,0.5,0.0,0.0,0.0,0.0,0.0,0.0,0.0,0.0,0.0,0,0,1.0,0.0,0.0,0.0,1,-0.45061498486173945,0.04479418783496506,-0.09786609232455466,0
0.0,0.0,0.5,0.0,0.0,0.0,0.0,0.0,0.0,0.0,0.0,0.0,0.0,0.0,0.5,0.0,0.0,0.0,0.0,0.0,0.0,0.0,0.0,0.0,0,0,1.0,0.0,0.0,0.0,1,-0.4224663221164515,0.04479418783496506,-0.09786609232455466,1
0.0,0.0,0.5,0.0,0.0,0.0,0.0,0.0,0.0,0.0,0.0,0.0,0.0,0.0,0.5,0.0,0.0,0.0,0.0,0.0,0.0,0.0,0.0,0.0,0,0,1.0,0.0,0.0,0.0,1,-0.4048734079006465,0.04479418783496506,-0.09786609232455466,1
0.0,0.0,0.6667,0.0,0.0,0.0,0.3333,0.0,0.0,0.0,0.0,0.0,0.0,0.0,0.0,0.0,0.0,0.0,0.0,0.0,0.0,0.0,0.0,0.0,0,0,0.0,0.0,0.0,1.0,1,-0.3733336863613064,-0.10789824144974369,-0.09786609232455466,0
0.0,0.0,0.5714,0.0,0.0,0.0,0.0,0.0,0.0,0.0,0.0,0.4286,0.0,0.0,0.0,0.0,0.0,0.0,0.0,0.0,0.0,0.0,0.0,0.0,0,0,0.25,0.75,0.0,0.0,0,-0.0559426878821217,-0.11649229597593501,-0.09786609232455466,1
0.0,0.0,0.5714,0.0,0.0,0.0,0.0,0.0,0.0,0.0,0.0,0.4286,0.0,0.0,0.0,0.0,0.0,0.0,0.0,0.0,0.0,0.0,0.0,0.0,0,0,0.25,0.75,0.0,0.0,0,-0.12406712594083197,-0.11649229597593501,-0.09786609232455466,1
0.0,0.0,0.5714,0.0,0.0,0.0,0.0,0.0,0.0,0.0,0.0,0.4286,0.0,0.0,0.0,0.0,0.0,0.0,0.0,0.0,0.0,0.0,0.0,0.0,0,0,0.25,0.75,0.0,0.0,0,-0.2603160020582526,-0.11649229597593501,-0.09786609232455466,0
0.0,0.0,0.5714,0.0,0.0,0.0,0.0,0.0,0.0,0.0,0.0,0.2857,0.1429,0.0,0.0,0.0,0.0,0.0,0.0,0.0,0.0,0.0,0.0,0.0,0,0,0.5,0.5,0.0,0.0,0,-0.45897535792453287,-0.11591935900752225,-0.09786609232455466,1
0.0,0.0,0.6667,0.0,0.0,0.0,0.0,0.0,0.0,0.0,0.0,0.0,0.0,0.0,0.0,0.0,0.0,0.0,0.0,0.3333,0.0,0.0,0.0,0.0,0,0,0.25,0.75,0.0,0.0,0,-0.46116865471382834,-0.11693211491604329,-0.09786609232455466,0
0.0,0.0,0.6667,0.0,0.0,0.0,0.0,0.0,0.0,0.0,0.0,0.0,0.0,0.0,0.0,0.0,0.0,0.0,0.0,0.3333,0.0,0.0,0.0,0.0,0,0,0.25,0.75,0.0,0.0,0,-0.46116865471382834,-0.11591935900752225,-0.09786609232455466,1
0.0,0.0,0.6667,0.0,0.0,0.0,0.0,0.0,0.0,0.0,0.0,0.0,0.0,0.0,0.0,0.0,0.0,0.0,0.0,0.3333,0.0,0.0,0.0,0.0,0,0,0.25,0.75,0.0,0.0,0,-0.46116865471382834,-0.11420054810228399,-0.09786609232455466,1
0.0,0.0,0.6667,0.0,0.0,0.0,0.0,0.0,0.0,0.0,0.0,0.3333,0.0,0.0,0.0,0.0,0.0,0.0,0.0,0.0,0.0,0.0,0.0,0.0,0,0,0.25,0.75,0.0,0.0,0,-0.46116865471382834,-0.11693211491604329,-0.09786609232455466,0
0.0,0.0,0.6667,0.0,0.0,0.0,0.0,0.0,0.0,0.0,0.0,0.3333,0.0,0.0,0.0,0.0,0.0,0.0,0.0,0.0,0.0,0.0,0.0,0.0,0,0,0.25,0.75,0.0,0.0,0,-0.46116865471382834,-0.11591935900752225,-0.09786609232455466,1
0.0,0.0,0.6667,0.0,0.0,0.0,0.0,0.0,0.0,0.0,0.0,0.3333,0.0,0.0,0.0,0.0,0.0,0.0,0.0,0.0,0.0,0.0,0.0,0.0,0,0,0.25,0.75,0.0,0.0,0,-0.46116865471382834,-0.11420054810228399,-0.09786609232455466,1
0.0,0.0,0.5714,0.0,0.0,0.0,0.0,0.0,0.0,0.0,0.2857,0.0,0.0,0.0,0.1429,0.0,0.0,0.0,0.0,0.0,0.0,0.0,0.0,0.0,0,0,1.0,0.0,0.0,0.0,1,-0.06268434429565067,-0.07660037774951955,-0.09786609232455466,1
0.0,0.0,0.5714,0.0,0.0,0.0,0.0,0.0,0.0,0.0,0.2857,0.0,0.0,0.0,0.1429,0.0,0.0,0.0,0.0,0.0,0.0,0.0,0.0,0.0,0,0,1.0,0.0,0.0,0.0,1,0.05791714728596914,-0.07660037774951955,-0.09786609232455466,1
0.0,0.0,0.5714,0.0,0.0,0.0,0.0,0.0,0.0,0.0,0.2857,0.1429,0.0,0.0,0.0,0.0,0.0,0.0,0.0,0.0,0.0,0.0,0.0,0.0,0,0,1.0,0.0,0.0,0.0,1,0.05791714728596914,-0.07660037774951955,-0.09786609232455466,1
0.0,0.0,0.5714,0.0,0.0,0.0,0.0,0.0,0.0,0.0,0.2857,0.0,0.1429,0.0,0.0,0.0,0.0,0.0,0.0,0.0,0.0,0.0,0.0,0.0,0,0,1.0,0.0,0.0,0.0,1,-0.06268434429565067,-0.07660037774951955,-0.09786609232455466,1
0.0,0.0,0.5714,0.0,0.0,0.0,0.0,0.0,0.0,0.0,0.2857,0.0,0.0,0.0,0.0,0.0,0.1429,0.0,0.0,0.0,0.0,0.0,0.0,0.0,0,0,1.0,0.0,0.0,0.0,1,0.05791714728596914,-0.07660037774951955,-0.09786609232455466,1
0.0,0.0,0.5,0.0,0.0,0.0,0.0,0.0,0.0,0.0,0.0,0.0,0.0,0.0,0.5,0.0,0.0,0.0,0.0,0.0,0.0,0.0,0.0,0.0,0,0,1.0,0.0,0.0,0.0,1,-0.4646189445775203,0.2875833190039343,-0.09786609232455466,1
0.0,0.0,0.6,0.0,0.0,0.0,0.0,0.0,0.0,0.0,0.0,0.0,0.0,0.0,0.0,0.0,0.0,0.0,0.4,0.0,0.0,0.0,0.0,0.0,0,0,1.0,0.0,0.0,0.0,0,-0.2850106895010092,-0.11706521101012718,10.230671052432402,1
0.0,0.0,0.6,0.0,0.0,0.0,0.0,0.0,0.0,0.0,0.0,0.0,0.0,0.0,0.0,0.0,0.0,0.0,0.4,0.0,0.0,0.0,0.0,0.0,0,0,1.0,0.0,0.0,0.0,0,-0.3748500028676963,-0.11706521101012718,10.230671052432402,1
0.0,0.0,0.6,0.0,0.0,0.0,0.0,0.0,0.0,0.0,0.0,0.0,0.0,0.0,0.0,0.0,0.0,0.0,0.4,0.0,0.0,0.0,0.0,0.0,0,0,1.0,0.0,0.0,0.0,0,-0.41976965955103995,-0.11706521101012718,10.230671052432402,0
0.0,0.0,0.6,0.0,0.0,0.0,0.0,0.0,0.0,0.1,0.0,0.3,0.0,0.0,0.0,0.0,0.0,0.0,0.0,0.0,0.0,0.0,0.0,0.0,0,0,1.0,0.0,0.0,0.0,0,-0.46040384750199553,-0.11705400111070956,-0.09786609232455466,1
0.0,0.0,0.5714,0.0,0.0,0.0,0.0,0.0,0.0,0.0,0.0,0.4286,0.0,0.0,0.0,0.0,0.0,0.0,0.0,0.0,0.0,0.0,0.0,0.0,0,0,0.2,0.8,0.0,0.0,1,-0.3011906648934788,-0.11649229597593501,-0.09786609232455466,1
0.0,0.0,0.5714,0.0,0.0,0.0,0.0,0.0,0.0,0.0,0.0,0.4286,0.0,0.0,0.0,0.0,0.0,0.0,0.0,0.0,0.0,0.0,0.0,0.0,0,0,0.25,0.75,0.0,0.0,1,-0.3011906648934788,-0.11649229597593501,-0.09786609232455466,1
0.0,0.0,0.5714,0.0,0.0,0.0,0.0,0.0,0.0,0.0,0.0,0.4286,0.0,0.0,0.0,0.0,0.0,0.0,0.0,0.0,0.0,0.0,0.0,0.0,0,0,0.5,0.5,0.0,0.0,1,-0.30388732745889036,-0.11649229597593501,-0.09786609232455466,1
0.0,0.0,0.5714,0.0,0.0,0.0,0.0,0.0,0.0,0.0,0.0,0.4286,0.0,0.0,0.0,0.0,0.0,0.0,0.0,0.0,0.0,0.0,0.0,0.0,0,0,1.0,0.0,0.0,0.0,1,-0.43788898477180127,-0.11649229597593501,-0.09786609232455466,0
0.0,0.0,0.5714,0.0,0.0,0.0,0.0,0.0,0.0,0.0,0.0,0.4286,0.0,0.0,0.0,0.0,0.0,0.0,0.0,0.0,0.0,0.0,0.0,0.0,0,0,1.0,0.0,0.0,0.0,1,-0.4579892333687379,-0.11649229597593501,-0.09786609232455466,1
0.0,0.0,0.5333,0.0,0.0,0.0,0.0,0.0,0.0,0.0667,0.0,0.0,0.4,0.0,0.0,0.0,0.0,0.0,0.0,0.0,0.0,0.0,0.0,0.0,0,0,1.0,0.0,0.0,0.0,1,-0.46101696744452386,0.06502661543237914,-0.09786609232455466,1
0.0,0.0,0.7143,0.0,0.0,0.0,0.0,0.0,0.0,0.0,0.0,0.0,0.0,0.0,0.0,0.2857,0.0,0.0,0.0,0.0,0.0,0.0,0.0,0.0,0,0,0.0,1.0,0.0,0.0,1,-0.4544706505255769,0.004329332640136856,-0.09786609232455466,0
0.0,0.0,0.7143,0.0,0.0,0.0,0.0,0.0,0.0,0.0,0.0,0.0,0.0,0.0,0.0,0.2857,0.0,0.0,0.0,0.0,0.0,0.0,0.0,0.0,0,0,0.0,1.0,0.0,0.0,1,-0.4238146533991573,0.004329332640136856,-0.09786609232455466,1
0.0,0.0,0.7143,0.0,0.0,0.0,0.0,0.0,0.0,0.0,0.0,0.0,0.0,0.0,0.0,0.2857,0.0,0.0,0.0,0.0,0.0,0.0,0.0,0.0,0,0,0.0,1.0,0.0,0.0,1,-0.3802433279985195,0.004329332640136856,-0.09786609232455466,1
0.0,0.0,0.6667,0.0,0.0,0.0,0.3333,0.0,0.0,0.0,0.0,0.0,0.0,0.0,0.0,0.0,0.0,0.0,0.0,0.0,0.0,0.0,0.0,0.0,0,0,1.0,0.0,0.0,0.0,1,1.9473405153980134,-0.11362761113387124,-0.09786609232455466,1
0.0,0.0,0.5,0.0,0.0,0.0,0.0,0.0,0.0,0.0,0.0,0.0,0.0,0.0,0.5,0.0,0.0,0.0,0.0,0.0,0.0,0.0,0.0,0.0,0,0,1.0,0.0,0.0,0.0,1,0.18888056477518306,-0.11591935900752225,-0.09786609232455466,0
0.0,0.0,0.5,0.0,0.0,0.0,0.0,0.0,0.0,0.0,0.0,0.0,0.0,0.0,0.5,0.0,0.0,0.0,0.0,0.0,0.0,0.0,0.0,0.0,0,0,1.0,0.0,0.0,0.0,1,0.13831814167371576,-0.11591935900752225,-0.09786609232455466,0
0.0,0.0,0.5,0.0,0.0,0.0,0.0,0.0,0.0,0.0,0.0,0.0,0.0,0.0,0.5,0.0,0.0,0.0,0.0,0.0,0.0,0.0,0.0,0.0,0,0,1.0,0.0,0.0,0.0,1,0.13831814167371576,-0.11591935900752225,-0.09786609232455466,0
0.0,0.0,0.5,0.0,0.0,0.0,0.0,0.0,0.0,0.0,0.0,0.0,0.0,0.0,0.5,0.0,0.0,0.0,0.0,0.0,0.0,0.0,0.0,0.0,0,0,1.0,0.0,0.0,0.0,1,0.13831814167371576,-0.11591935900752225,-0.09786609232455466,0
0.0,0.0,0.5,0.0,0.0,0.0,0.0,0.0,0.0,0.0,0.0,0.0,0.0,0.0,0.5,0.0,0.0,0.0,0.0,0.0,0.0,0.0,0.0,0.0,0,0,1.0,0.0,0.0,0.0,1,1.9473405153980134,-0.11591935900752225,-0.09786609232455466,1
0.0,0.0,0.5,0.0,0.0,0.0,0.0,0.0,0.0,0.0,0.0,0.0,0.0,0.0,0.5,0.0,0.0,0.0,0.0,0.0,0.0,0.0,0.0,0.0,0,0,1.0,0.0,0.0,0.0,1,4.35937034703041,-0.11591935900752225,-0.09786609232455466,1
0.0,0.0,0.6667,0.0,0.0,0.0,0.0,0.0,0.0,0.0,0.0,0.0,0.0,0.0,0.0,0.0,0.0,0.3333,0.0,0.0,0.0,0.0,0.0,0.0,1,0,1.0,0.0,0.0,0.0,1,-0.30388732745889036,-0.11591935900752225,-0.09786609232455466,1
0.0,0.0,0.5714,0.0,0.0,0.0,0.0,0.0,0.0,0.0,0.0,0.2857,0.1429,0.0,0.0,0.0,0.0,0.0,0.0,0.0,0.0,0.0,0.0,0.0,0,0,1.0,0.0,0.0,0.0,0,-0.4633023990811948,-0.11686555590189103,-0.09786609232455466,0
0.0,0.0,0.5714,0.0,0.0,0.0,0.0,0.0,0.0,0.0,0.0,0.2857,0.1429,0.0,0.0,0.0,0.0,0.0,0.0,0.0,0.0,0.0,0.0,0.0,0,1,1.0,0.0,0.0,0.0,0,-0.4633023990811948,-0.11686555590189103,-0.09786609232455466,1
0.0,0.0,0.6667,0.0,0.0,0.0,0.3333,0.0,0.0,0.0,0.0,0.0,0.0,0.0,0.0,0.0,0.0,0.0,0.0,0.0,0.0,0.0,0.0,0.0,0,0,1.0,0.0,0.0,0.0,1,0.5156655052799662,-0.11362761113387124,-0.09786609232455466,1
0.0,0.0,0.6667,0.0,0.0,0.0,0.0,0.0,0.0,0.0,0.0,0.0,0.0,0.0,0.0,0.0,0.0,0.3333,0.0,0.0,0.0,0.0,0.0,0.0,1,0,1.0,0.0,0.0,0.0,1,-0.43788898477180127,-0.11591935900752225,-0.09786609232455466,0
0.0,0.0,0.6667,0.0,0.0,0.0,0.0,0.0,0.0,0.0,0.0,0.0,0.0,0.0,0.0,0.0,0.0,0.3333,0.0,0.0,0.0,0.0,0.0,0.0,0,0,1.0,0.0,0.0,0.0,1,-0.39768848757792796,-0.11591935900752225,-0.09786609232455466,1
0.0,0.0,0.6667,0.0,0.0,0.0,0.0,0.0,0.0,0.0,0.0,0.0,0.0,0.0,0.0,0.0,0.0,0.3333,0.0,0.0,0.0,0.0,0.0,0.0,0,0,1.0,0.0,0.0,0.0,1,-0.33068765892147256,-0.11591935900752225,-0.09786609232455466,1
0.0,0.0,0.5,0.0,0.0,0.0,0.0,0.0,0.0,0.0,0.0,0.0,0.0,0.0,0.5,0.0,0.0,0.0,0.0,0.0,0.0,0.0,0.0,0.0,0,0,1.0,0.0,0.0,0.0,1,-0.4598652565711187,-0.11248173719704573,-0.09786609232455466,0
0.0,0.0,0.5714,0.0,0.0,0.0,0.0,0.0,0.0,0.0,0.2857,0.1429,0.0,0.0,0.0,0.0,0.0,0.0,0.0,0.0,0.0,0.0,0.0,0.0,0,0,0.333,0.667,0.0,0.0,1,-0.20079560299730861,-0.117020305609795,-0.09786609232455466,1
0.0,0.0,0.5714,0.0,0.0,0.0,0.0,0.0,0.0,0.0,0.2857,0.1429,0.0,0.0,0.0,0.0,0.0,0.0,0.0,0.0,0.0,0.0,0.0,0.0,0,0,0.333,0.667,0.0,0.0,1,-0.20922267351421983,-0.117020305609795,-0.09786609232455466,0
0.0,0.0,0.5714,0.0,0.0,0.0,0.0,0.0,0.0,0.0,0.2857,0.1429,0.0,0.0,0.0,0.0,0.0,0.0,0.0,0.0,0.0,0.0,0.0,0.0,0,0,0.333,0.667,0.0,0.0,1,0.06309811023976622,-0.117020305609795,-0.09786609232455466,1
0.0,0.0,0.5714,0.0,0.0,0.0,0.0,0.0,0.0,0.0,0.2857,0.1429,0.0,0.0,0.0,0.0,0.0,0.0,0.0,0.0,0.0,0.0,0.0,0.0,0,0,0.333,0.667,0.0,0.0,1,0.5908855367139159,-0.117020305609795,-0.09786609232455466,1
0.0,0.0,0.625,0.0,0.0,0.0,0.0,0.0,0.0,0.0,0.0,0.25,0.0,0.0,0.125,0.0,0.0,0.0,0.0,0.0,0.0,0.0,0.0,0.0,0,0,0.25,0.75,0.0,0.0,1,-0.3011906648934788,-0.11591935900752225,-0.09786609232455466,1
0.0,0.0,0.625,0.0,0.0,0.0,0.0,0.0,0.0,0.0,0.0,0.25,0.0,0.0,0.125,0.0,0.0,0.0,0.0,0.0,0.0,0.0,0.0,0.0,0,0,0.25,0.75,0.0,0.0,1,-0.3420653277287049,-0.11591935900752225,-0.09786609232455466,1
0.0,0.0,0.625,0.0,0.0,0.0,0.0,0.0,0.0,0.0,0.0,0.25,0.0,0.0,0.125,0.0,0.0,0.0,0.0,0.0,0.0,0.0,0.0,0.0,0,0,0.25,0.75,0.0,0.0,1,-0.3011906648934788,-0.11591935900752225,-0.09786609232455466,1
0.0,0.0,0.625,0.0,0.0,0.0,0.0,0.0,0.0,0.0,0.0,0.25,0.0,0.0,0.125,0.0,0.0,0.0,0.0,0.0,0.0,0.0,0.0,0.0,0,0,0.25,0.75,0.0,0.0,1,-0.2603160020582526,-0.11591935900752225,-0.09786609232455466,1
0.0,0.0,0.625,0.0,0.0,0.0,0.0,0.0,0.0,0.0,0.0,0.25,0.0,0.0,0.125,0.0,0.0,0.0,0.0,0.0,0.0,0.0,0.0,0.0,0,0,0.25,0.75,0.0,0.0,1,-0.3420653277287049,-0.11591935900752225,-0.09786609232455466,1
0.0,0.0,0.625,0.0,0.0,0.0,0.0,0.0,0.0,0.0,0.0,0.25,0.0,0.0,0.125,0.0,0.0,0.0,0.0,0.0,0.0,0.0,0.0,0.0,0,0,0.25,0.75,0.0,0.0,1,-0.3011906648934788,-0.11591935900752225,-0.09786609232455466,1
0.0,0.0,0.625,0.0,0.0,0.0,0.0,0.0,0.0,0.0,0.0,0.25,0.0,0.0,0.125,0.0,0.0,0.0,0.0,0.0,0.0,0.0,0.0,0.0,0,0,0.25,0.75,0.0,0.0,1,-0.2603160020582526,-0.11591935900752225,-0.09786609232455466,1
0.0,0.0,0.625,0.0,0.0,0.0,0.0,0.0,0.0,0.0,0.0,0.25,0.0,0.0,0.125,0.0,0.0,0.0,0.0,0.0,0.0,0.0,0.0,0.0,0,0,1.0,0.0,0.0,0.0,1,-0.43403331910796383,-0.11591935900752225,-0.09786609232455466,0
0.0,0.0,0.625,0.0,0.0,0.0,0.0,0.0,0.0,0.0,0.0,0.25,0.0,0.0,0.125,0.0,0.0,0.0,0.0,0.0,0.0,0.0,0.0,0.0,0,0,0.25,0.75,0.0,0.0,1,-0.43403331910796383,-0.11591935900752225,-0.09786609232455466,1
0.0,0.0,0.625,0.0,0.0,0.0,0.0,0.0,0.0,0.0,0.0,0.25,0.0,0.0,0.125,0.0,0.0,0.0,0.0,0.0,0.0,0.0,0.0,0.0,0,0,1.0,0.0,0.0,0.0,1,-0.3420653277287049,-0.11591935900752225,-0.09786609232455466,1
0.0,0.0,0.625,0.0,0.0,0.0,0.0,0.0,0.0,0.0,0.0,0.25,0.0,0.0,0.125,0.0,0.0,0.0,0.0,0.0,0.0,0.0,0.0,0.0,0,0,0.25,0.75,0.0,0.0,1,-0.4033773219815442,-0.11591935900752225,-0.09786609232455466,1
0.0,0.0,0.5,0.0,0.0,0.0,0.0,0.0,0.0,0.0,0.0,0.0,0.0,0.5,0.0,0.0,0.0,0.0,0.0,0.0,0.0,0.0,0.0,0.0,0,0,1.0,0.0,0.0,0.0,1,-0.4508397067421904,-0.11704276927707138,-0.09786609232455466,1
0.0,0.0,0.5,0.0,0.0,0.0,0.0,0.0,0.0,0.0,0.0,0.0,0.0,0.0,0.5,0.0,0.0,0.0,0.0,0.0,0.0,0.0,0.0,0.0,0,0,1.0,0.0,0.0,0.0,1,0.33932062764308213,-0.11248173719704573,-0.09786609232455466,0
0.0,0.0,0.5,0.0,0.0,0.0,0.0,0.0,0.0,0.0,0.0,0.0,0.0,0.0,0.5,0.0,0.0,0.0,0.0,0.0,0.0,0.0,0.0,0.0,0,0,1.0,0.0,0.0,0.0,1,1.1433305715205475,-0.11248173719704573,-0.09786609232455466,1
0.0,0.0,0.5,0.0,0.0,0.0,0.0,0.0,0.0,0.0,0.0,0.0,0.0,0.0,0.5,0.0,0.0,0.0,0.0,0.0,0.0,0.0,0.0,0.0,0,0,1.0,0.0,0.0,0.0,1,3.5553604031529447,-0.11477348507069675,-0.09786609232455466,1
0.0,0.0,0.5,0.0,0.0,0.0,0.0,0.0,0.0,0.0,0.0,0.0,0.0,0.0,0.5,0.0,0.0,0.0,0.0,0.0,0.0,0.0,0.0,0.0,0,0,1.0,0.0,0.0,0.0,1,7.575410122540273,-0.11477348507069675,-0.09786609232455466,1
0.0,0.0,0.6667,0.0,0.0,0.0,0.0,0.0,0.0,0.0,0.0,0.0,0.0,0.0,0.0,0.0,0.0,0.3333,0.0,0.0,0.0,0.0,0.0,0.0,0,0,0.5,0.5,0.0,0.0,1,-0.4579892333687379,-0.11477348507069675,-0.09786609232455466,1
0.0,0.0,0.6667,0.0,0.0,0.0,0.0,0.0,0.0,0.0,0.0,0.0,0.0,0.0,0.0,0.0,0.0,0.3333,0.0,0.0,0.0,0.0,0.0,0.0,0,0,0.5,0.5,0.0,0.0,1,-0.46133927480156073,-0.11477348507069675,-0.09786609232455466,1
0.0,0.0,0.6667,0.0,0.0,0.0,0.0,0.0,0.0,0.0,0.0,0.0,0.0,0.0,0.0,0.0,0.0,0.3333,0.0,0.0,0.0,0.0,0.0,0.0,0,0,1.0,0.0,0.0,0.0,1,-0.4579892333687379,-0.11477348507069675,-0.09786609232455466,0
0.0,0.0,0.6667,0.0,0.0,0.0,0.3333,0.0,0.0,0.0,0.0,0.0,0.0,0.0,0.0,0.0,0.0,0.0,0.0,0.0,0.0,0.0,0.0,0.0,0,0,1.0,0.0,0.0,0.0,1,0.13831814167371576,-0.07924761126693823,-0.09786609232455466,0
0.0,0.0,0.6667,0.0,0.0,0.0,0.3333,0.0,0.0,0.0,0.0,0.0,0.0,0.0,0.0,0.0,0.0,0.0,0.0,0.0,0.0,0.0,0.0,0.0,0,0,1.0,0.0,0.0,0.0,1,0.06309811023976622,-0.06412056259597441,-0.09786609232455466,1
0.0,0.0,0.6667,0.0,0.0,0.0,0.3333,0.0,0.0,0.0,0.0,0.0,0.0,0.0,0.0,0.0,0.0,0.0,0.0,0.0,0.0,0.0,0.0,0.0,0,0,1.0,0.0,0.0,0.0,1,0.2742130808294261,-0.0489935139250106,-0.09786609232455466,1
0.0,0.0,0.4,0.0,0.0,0.0,0.0,0.0,0.0,0.0,0.0,0.0,0.0,0.6,0.0,0.0,0.0,0.0,0.0,0.0,0.0,0.0,0.0,0.0,0,0,0.0,0.0,0.0,1.0,0,-0.42111799083374574,-0.11706500698405825,-0.09786513936007776,1
0.0,0.0,0.4,0.0,0.0,0.0,0.0,0.0,0.0,0.0,0.0,0.0,0.0,0.6,0.0,0.0,0.0,0.0,0.0,0.0,0.0,0.0,0.0,0.0,0,0,1.0,0.0,0.0,0.0,0,-0.45413356770490043,-0.11706500698405825,-0.09786513936007776,1
0.0,0.0,0.4,0.0,0.0,0.0,0.0,0.0,0.0,0.0,0.0,0.0,0.0,0.6,0.0,0.0,0.0,0.0,0.0,0.0,0.0,0.0,0.0,0.0,0,0,1.0,0.0,0.0,0.0,0,-0.46152259167553855,-0.11706500698405825,-0.09786513936007776,0
0.0,0.0,0.6667,0.0,0.0,0.0,0.0,0.0,0.0,0.0,0.0,0.0,0.0,0.0,0.0,0.0,0.0,0.3333,0.0,0.0,0.0,0.0,0.0,0.0,1,0,1.0,0.0,0.0,0.0,0,-0.16318558728033386,-0.11649229597593501,-0.09786609232455466,1
0.0,0.0,0.6667,0.0,0.0,0.0,0.0,0.0,0.0,0.0,0.0,0.0,0.0,0.0,0.0,0.0,0.0,0.3333,0.0,0.0,0.0,0.0,0.0,0.0,1,0,1.0,0.0,0.0,0.0,0,-0.36418807324970026,-0.11649229597593501,-0.09786609232455466,0
0.0,0.0,0.6667,0.0,0.0,0.0,0.3333,0.0,0.0,0.0,0.0,0.0,0.0,0.0,0.0,0.0,0.0,0.0,0.0,0.0,0.0,0.0,0.0,0.0,0,0,1.0,0.0,0.0,0.0,1,-0.25357434564472364,-0.11133586326022021,-0.09786609232455466,0
0.0,0.0,0.6667,0.0,0.0,0.0,0.3333,0.0,0.0,0.0,0.0,0.0,0.0,0.0,0.0,0.0,0.0,0.0,0.0,0.0,0.0,0.0,0.0,0.0,0,0,1.0,0.0,0.0,0.0,1,0.16865559553459614,-0.11133586326022021,-0.09786609232455466,1
0.0,0.0,0.6667,0.0,0.0,0.0,0.3333,0.0,0.0,0.0,0.0,0.0,0.0,0.0,0.0,0.0,0.0,0.0,0.0,0.0,0.0,0.0,0.0,0.0,0,0,1.0,0.0,0.0,0.0,1,0.8020005073035757,-0.11133586326022021,-0.09786609232455466,1
0.0,0.0,0.7143,0.0,0.0,0.0,0.0,0.2857,0.0,0.0,0.0,0.0,0.0,0.0,0.0,0.0,0.0,0.0,0.0,0.0,0.0,0.0,0.0,0.0,0,0,1.0,0.0,0.0,0.0,1,-0.462375916836081,-0.1170624249859382,-0.09786609232455466,0
0.0,0.0,0.7143,0.0,0.0,0.0,0.0,0.2857,0.0,0.0,0.0,0.0,0.0,0.0,0.0,0.0,0.0,0.0,0.0,0.0,0.0,0.0,0.0,0.0,0,0,1.0,0.0,0.0,0.0,1,-0.46006251743777854,-0.1170624249859382,-0.09786609232455466,1
0.0,0.0,0.7143,0.0,0.0,0.0,0.0,0.2857,0.0,0.0,0.0,0.0,0.0,0.0,0.0,0.0,0.0,0.0,0.0,0.0,0.0,0.0,0.0,0.0,0,0,1.0,0.0,0.0,0.0,1,-0.4415553222513588,-0.1170624249859382,-0.09786609232455466,1
0.0,0.0,0.6,0.0,0.0,0.0,0.2,0.0,0.0,0.0,0.0,0.0,0.0,0.2,0.0,0.0,0.0,0.0,0.0,0.0,0.0,0.0,0.0,0.0,0,0,1.0,0.0,0.0,0.0,1,-0.41132876863848095,-0.11704276927707138,-0.09786609232455466,0
0.0,0.0,0.6,0.0,0.0,0.0,0.2,0.0,0.0,0.0,0.0,0.0,0.0,0.2,0.0,0.0,0.0,0.0,0.0,0.0,0.0,0.0,0.0,0.0,0,0,1.0,0.0,0.0,0.0,1,-0.25124712585077336,-0.11704276927707138,-0.09786609232455466,1
0.0,0.0,0.6,0.0,0.0,0.0,0.2,0.0,0.0,0.0,0.0,0.0,0.0,0.2,0.0,0.0,0.0,0.0,0.0,0.0,0.0,0.0,0.0,0.0,0,0,1.0,0.0,0.0,0.0,1,-0.2294041590709395,-0.11704276927707138,-0.09786609232455466,1
0.0,0.0,0.6,0.0,0.0,0.0,0.2,0.0,0.0,0.0,0.0,0.0,0.0,0.2,0.0,0.0,0.0,0.0,0.0,0.0,0.0,0.0,0.0,0.0,0,0,1.0,0.0,0.0,0.0,1,0.005880998092504489,-0.11704276927707138,-0.09786609232455466,1
0.0,0.0,0.625,0.0,0.0,0.0,0.0,0.0,0.0,0.0,0.125,0.0,0.0,0.0,0.0,0.0,0.0,0.0,0.0,0.25,0.0,0.0,0.0,0.0,0,0,0.333,0.667,0.0,0.0,1,-0.2650813418941555,-0.1167989968877388,-0.09786609232455466,0
0.0,0.0,0.625,0.0,0.0,0.0,0.0,0.0,0.0,0.0,0.125,0.0,0.0,0.0,0.0,0.0,0.0,0.0,0.0,0.25,0.0,0.0,0.0,0.0,0,0,0.333,0.667,0.0,0.0,1,-0.251463195938827,-0.1167989968877388,-0.09786609232455466,1
0.0,0.0,0.625,0.0,0.0,0.0,0.0,0.0,0.0,0.0,0.125,0.0,0.0,0.0,0.0,0.0,0.0,0.0,0.0,0.25,0.0,0.0,0.0,0.0,0,0,0.333,0.667,0.0,0.0,1,-0.03823707564327055,-0.1167989968877388,-0.09786609232455466,1
0.0,0.0,0.5,0.0,0.0,0.0,0.0,0.0,0.0,0.0,0.0,0.0,0.5,0.0,0.0,0.0,0.0,0.0,0.0,0.0,0.0,0.0,0.0,0.0,0,0,1.0,0.0,0.0,0.0,1,-0.4435778191754175,-0.11133586326022021,-0.09786609232455466,0
0.0,0.0,0.5,0.0,0.0,0.0,0.0,0.0,0.0,0.0,0.0,0.0,0.5,0.0,0.0,0.0,0.0,0.0,0.0,0.0,0.0,0.0,0.0,0.0,0,0,0.833,0.167,0.0,0.0,1,-0.4435778191754175,-0.11591935900752225,-0.09786609232455466,1
0.0,0.0,0.5,0.0,0.0,0.0,0.0,0.0,0.0,0.0,0.0,0.0,0.5,0.0,0.0,0.0,0.0,0.0,0.0,0.0,0.0,0.0,0.0,0.0,0,0,0.5,0.5,0.0,0.0,1,-0.4435778191754175,-0.11591935900752225,-0.09786609232455466,1
0.0,0.0,0.5,0.0,0.0,0.0,0.0,0.0,0.0,0.0,0.0,0.0,0.5,0.0,0.0,0.0,0.0,0.0,0.0,0.0,0.0,0.0,0.0,0.0,0,0,0.4,0.6,0.0,0.0,1,-0.4435778191754175,-0.11591935900752225,-0.09786609232455466,1
0.0,0.0,0.5714,0.0,0.0,0.0,0.0,0.0,0.0,0.0,0.0,0.4286,0.0,0.0,0.0,0.0,0.0,0.0,0.0,0.0,0.0,0.0,0.0,0.0,0,0,0.2,0.8,0.0,0.0,0,-0.3842883218466369,-0.11683605815698266,-0.09786609232455466,1
0.0,0.0,0.7143,0.0,0.0,0.0,0.0,0.2857,0.0,0.0,0.0,0.0,0.0,0.0,0.0,0.0,0.0,0.0,0.0,0.0,0.0,0.0,0.0,0.0,0,0,1.0,0.0,0.0,0.0,1,-0.462375916836081,-0.1170624249859382,-0.09786609232455466,0
0.0,0.0,0.7143,0.0,0.0,0.0,0.0,0.2857,0.0,0.0,0.0,0.0,0.0,0.0,0.0,0.0,0.0,0.0,0.0,0.0,0.0,0.0,0.0,0.0,0,0,1.0,0.0,0.0,0.0,1,-0.4415553222513588,-0.1170624249859382,-0.09786609232455466,1
0.0,0.0,0.7143,0.0,0.0,0.0,0.0,0.2857,0.0,0.0,0.0,0.0,0.0,0.0,0.0,0.0,0.0,0.0,0.0,0.0,0.0,0.0,0.0,0.0,0,0,1.0,0.0,0.0,0.0,1,-0.34901934631926007,-0.1170624249859382,-0.09786609232455466,1
0.0,0.0,0.5714,0.0,0.0,0.0,0.0,0.0,0.0,0.0,0.0,0.2857,0.1429,0.0,0.0,0.0,0.0,0.0,0.0,0.0,0.0,0.0,0.0,0.0,0,0,1.0,0.0,0.0,0.0,1,9.718582696401134,-0.11693211491604329,-0.09786609232455466,1
0.0,0.0,0.5,0.0,0.0,0.0,0.0,0.0,0.0,0.0,0.0,0.0,0.5,0.0,0.0,0.0,0.0,0.0,0.0,0.0,0.0,0.0,0.0,0.0,0,0,0.4,0.6,0.0,0.0,1,-0.4435778191754175,-0.11591935900752225,-0.09786609232455466,1
0.0,0.0,0.5,0.0,0.0,0.0,0.0,0.0,0.0,0.0,0.0,0.0,0.5,0.0,0.0,0.0,0.0,0.0,0.0,0.0,0.0,0.0,0.0,0.0,0,0,0.3,0.7,0.0,0.0,1,-0.4435778191754175,-0.11591935900752225,-0.09786609232455466,1
0.0,0.0,0.5,0.0,0.0,0.0,0.0,0.0,0.0,0.0,0.0,0.0,0.5,0.0,0.0,0.0,0.0,0.0,0.0,0.0,0.0,0.0,0.0,0.0,0,0,0.143,0.857,0.0,0.0,1,-0.4442519848167704,-0.11591935900752225,-0.09786609232455466,1
0.0,0.0,0.5,0.0,0.0,0.0,0.0,0.0,0.0,0.0,0.0,0.0,0.5,0.0,0.0,0.0,0.0,0.0,0.0,0.0,0.0,0.0,0.0,0.0,0,0,1.0,0.0,0.0,0.0,1,-0.4449261504581233,-0.11133586326022021,-0.09786609232455466,0
0.0,0.0,0.3333,0.0,0.0,0.0,0.0,0.3333,0.0,0.0,0.0,0.0,0.0,0.0,0.0,0.0,0.0,0.0,0.0,0.0,0.0,0.0,0.0,0.3333,0,0,0.0,0.0,1.0,0.0,1,-0.412283050103816,-0.04142998958952869,-0.09786609232455466,0
0.0,0.0,0.3333,0.0,0.0,0.0,0.0,0.3333,0.0,0.0,0.0,0.0,0.0,0.0,0.0,0.0,0.0,0.0,0.0,0.0,0.0,0.0,0.0,0.3333,1,0,0.0,0.0,1.0,0.0,1,-0.412283050103816,-0.04142998958952869,-0.09786609232455466,1
0.0,0.0,0.3333,0.0,0.0,0.0,0.0,0.3333,0.0,0.0,0.0,0.0,0.0,0.0,0.0,0.0,0.0,0.0,0.0,0.0,0.0,0.0,0.0,0.3333,1,0,0.0,0.0,1.0,0.0,1,-0.412283050103816,-0.11704276927707138,-0.09786609232455466,1
0.0,0.0,0.5797,0.0,0.0,0.0,0.0,0.0,0.0,0.087,0.0,0.3333,0.0,0.0,0.0,0.0,0.0,0.0,0.0,0.0,0.0,0.0,0.0,0.0,0,0,1.0,0.0,0.0,0.0,1,-0.4579892333687379,-0.11591935900752225,-0.09786609232455466,0
0.0,0.0,0.5797,0.0,0.0,0.0,0.0,0.0,0.0,0.087,0.0,0.3333,0.0,0.0,0.0,0.0,0.0,0.0,0.0,0.0,0.0,0.0,0.0,0.0,0,0,1.0,0.0,0.0,0.0,1,-0.3842883218466369,-0.11591935900752225,-0.09786609232455466,1
0.0,0.0,0.5797,0.0,0.0,0.0,0.0,0.0,0.0,0.087,0.0,0.3333,0.0,0.0,0.0,0.0,0.0,0.0,0.0,0.0,0.0,0.0,0.0,0.0,0,0,1.0,0.0,0.0,0.0,1,-0.30388732745889036,-0.11591935900752225,-0.09786609232455466,1
0.0,0.0,0.5797,0.0,0.0,0.0,0.0,0.0,0.0,0.087,0.0,0.3333,0.0,0.0,0.0,0.0,0.0,0.0,0.0,0.0,0.0,0.0,0.0,0.0,0,0,1.0,0.0,0.0,0.0,1,-0.14308533868339723,-0.11591935900752225,-0.09786609232455466,1
0.0,0.0,0.5797,0.0,0.0,0.0,0.0,0.0,0.0,0.087,0.0,0.3333,0.0,0.0,0.0,0.0,0.0,0.0,0.0,0.0,0.0,0.0,0.0,0.0,0,0,1.0,0.0,0.0,0.0,1,-0.3011906648934788,-0.11591935900752225,-0.09786609232455466,1
0.0,0.0,0.5797,0.0,0.0,0.0,0.0,0.0,0.0,0.087,0.0,0.3333,0.0,0.0,0.0,0.0,0.0,0.0,0.0,0.0,0.0,0.0,0.0,0.0,0,0,1.0,0.0,0.0,0.0,1,0.18930528912923536,-0.11591935900752225,-0.09786609232455466,1
0.0,0.0,0.5797,0.0,0.0,0.0,0.0,0.0,0.0,0.087,0.0,0.3333,0.0,0.0,0.0,0.0,0.0,0.0,0.0,0.0,0.0,0.0,0.0,0.0,0,0,1.0,0.0,0.0,0.0,1,0.8432998944928541,-0.11649229597593501,-0.09786609232455466,1
0.0,0.0,0.5,0.0,0.0,0.0,0.0,0.0,0.0,0.0,0.0,0.0,0.0,0.5,0.0,0.0,0.0,0.0,0.0,0.0,0.0,0.0,0.0,0.0,0,0,1.0,0.0,0.0,0.0,1,-0.4467214535610461,-0.11704276927707138,-0.09786609232455466,0
0.0,0.0,0.5,0.0,0.0,0.0,0.0,0.0,0.0,0.0,0.0,0.0,0.0,0.5,0.0,0.0,0.0,0.0,0.0,0.0,0.0,0.0,0.0,0.0,0,0,1.0,0.0,0.0,0.0,1,-0.4467214535610461,-0.11703153744343318,-0.09786609232455466,1
0.0,0.0,0.5,0.0,0.0,0.0,0.0,0.0,0.0,0.0,0.0,0.0,0.0,0.5,0.0,0.0,0.0,0.0,0.0,0.0,0.0,0.0,0.0,0.0,0,0,1.0,0.0,0.0,0.0,1,-0.4467214535610461,-0.1170090737761568,-0.09786609232455466,1
0.0,0.0,0.7,0.0,0.0,0.0,0.1,0.0,0.0,0.0,0.2,0.0,0.0,0.0,0.0,0.0,0.0,0.0,0.0,0.0,0.0,0.0,0.0,0.0,0,0,1.0,0.0,0.0,0.0,1,-0.4003685207241862,-0.11649229597593501,-0.09786609232455466,1
0.0,0.0,0.5714,0.0,0.0,0.0,0.0,0.0,0.0,0.0,0.0,0.4286,0.0,0.0,0.0,0.0,0.0,0.0,0.0,0.0,0.0,0.0,0.0,0.0,0,0,0.5,0.5,0.0,0.0,1,-0.4613561738869706,-0.11666587885943432,-0.09786609232455466,1
0.0,0.0,0.6667,0.0,0.3333,0.0,0.0,0.0,0.0,0.0,0.0,0.0,0.0,0.0,0.0,0.0,0.0,0.0,0.0,0.0,0.0,0.0,0.0,0.0,0,0,1.0,0.0,0.0,0.0,0,-0.4501655411008375,-0.11686555590189103,-0.09786609232455466,1
0.0,0.0,0.6667,0.0,0.3333,0.0,0.0,0.0,0.0,0.0,0.0,0.0,0.0,0.0,0.0,0.0,0.0,0.0,0.0,0.0,0.0,0.0,0.0,0.0,0,0,1.0,0.0,0.0,0.0,0,-0.4574274286676105,-0.11686555590189103,-0.09786609232455466,1
0.0,0.0,0.6667,0.0,0.3333,0.0,0.0,0.0,0.0,0.0,0.0,0.0,0.0,0.0,0.0,0.0,0.0,0.0,0.0,0.0,0.0,0.0,0.0,0.0,0,0,1.0,0.0,0.0,0.0,0,-0.461058372450997,-0.11686555590189103,-0.09786609232455466,0
0.0,0.0,0.6,0.0,0.0,0.0,0.0,0.0,0.0,0.2,0.0,0.0,0.0,0.0,0.0,0.0,0.0,0.0,0.0,0.2,0.0,0.0,0.0,0.0,0,0,0.0,1.0,0.0,0.0,0,2.1544482454154714,0.004329332640136856,-0.09786609232455466,0
0.0,0.0,0.6,0.0,0.0,0.0,0.0,0.0,0.0,0.2,0.0,0.0,0.0,0.0,0.0,0.0,0.0,0.0,0.0,0.2,0.0,0.0,0.0,0.0,0,0,0.0,2.0,0.0,0.0,0,2.1544482454154714,0.1864211810168638,-0.09786609232455466,1
0.0,0.0,0.6,0.0,0.0,0.0,0.0,0.0,0.0,0.2,0.0,0.0,0.0,0.0,0.0,0.0,0.0,0.0,0.0,0.2,0.0,0.0,0.0,0.0,0,0,0.0,3.0,0.0,0.0,0,2.1544482454154714,0.48990759497807534,-0.09786609232455466,1
0.0,0.0,0.5,0.0,0.0,0.0,0.0,0.0,0.0,0.0,0.0,0.0,0.5,0.0,0.0,0.0,0.0,0.0,0.0,0.0,0.0,0.0,0.0,0.0,0,0,1.0,0.0,0.0,0.0,1,-0.4546729002179828,-0.11420054810228399,-0.09786609232455466,0
0.0,0.0,0.5,0.0,0.0,0.0,0.0,0.0,0.0,0.0,0.0,0.0,0.5,0.0,0.0,0.0,0.0,0.0,0.0,0.0,0.0,0.0,0.0,0.0,0,0,0.833,0.167,0.0,0.0,1,-0.44391490199609396,-0.11649229597593501,-0.09786609232455466,1
0.0,0.0,0.5,0.0,0.0,0.0,0.0,0.0,0.0,0.0,0.0,0.0,0.5,0.0,0.0,0.0,0.0,0.0,0.0,0.0,0.0,0.0,0.0,0.0,0,0,0.5,0.5,0.0,0.0,1,-0.44324073635474104,-0.11649229597593501,-0.09786609232455466,1
0.0,0.0,0.5,0.0,0.0,0.0,0.0,0.0,0.0,0.0,0.0,0.0,0.5,0.0,0.0,0.0,0.0,0.0,0.0,0.0,0.0,0.0,0.0,0.0,0,0,0.4,0.6,0.0,0.0,1,-0.4217921564750986,-0.11649229597593501,-0.09786609232455466,1
0.0,0.0,0.5714,0.0,0.0,0.0,0.0,0.0,0.0,0.1429,0.0,0.2857,0.0,0.0,0.0,0.0,0.0,0.0,0.0,0.0,0.0,0.0,0.0,0.0,0,0,1.0,0.0,0.0,0.0,0,-0.2234863330711438,-0.11591935900752225,-0.09786609232455466,1
0.0,0.0,0.5714,0.0,0.0,0.0,0.0,0.0,0.0,0.2857,0.0,0.1429,0.0,0.0,0.0,0.0,0.0,0.0,0.0,0.0,0.0,0.0,0.0,0.0,0,0,1.0,0.0,0.0,0.0,0,-0.2234863330711438,-0.11591935900752225,-0.09786609232455466,1
0.0,0.0,0.5556,0.0,0.0,0.0,0.0,0.0,0.0,0.2222,0.0,0.2222,0.0,0.0,0.0,0.0,0.0,0.0,0.0,0.0,0.0,0.0,0.0,0.0,0,0,1.0,0.0,0.0,0.0,0,-0.14308533868339723,-0.11591935900752225,-0.09786609232455466,1
0.0,0.2,0.6,0.0128,0.0,0.1872,0.0,0.0,0.0,0.0,0.0,0.0,0.0,0.0,0.0,0.0,0.0,0.0,0.0,0.0,0.0,0.0,0.0,0.0,0,0,0.5,0.5,0.0,0.0,1,0.6253016927049813,-0.11704276927707138,-0.09614847371650391,1
0.0,0.2,0.6,0.006,0.0,0.194,0.0,0.0,0.0,0.0,0.0,0.0,0.0,0.0,0.0,0.0,0.0,0.0,0.0,0.0,0.0,0.0,0.0,0.0,0,0,0.5,0.5,0.0,0.0,1,0.3528039404701401,-0.11704276927707138,-0.09614847371650391,1
0.0,0.2,0.6,0.006,0.0,0.194,0.0,0.0,0.0,0.0,0.0,0.0,0.0,0.0,0.0,0.0,0.0,0.0,0.0,0.0,0.0,0.0,0.0,0.0,0,0,0.5,0.5,0.0,0.0,1,0.14843062629400922,-0.11704276927707138,-0.09614847371650391,1
0.0,0.2,0.6,0.0,0.0,0.2,0.0,0.0,0.0,0.0,0.0,0.0,0.0,0.0,0.0,0.0,0.0,0.0,0.0,0.0,0.0,0.0,0.0,0.0,0,0,0.5,0.5,0.0,0.0,1,0.08030618823529889,-0.11704276927707138,-0.09614847371650391,1
0.0,0.2,0.6,0.006,0.0,0.194,0.0,0.0,0.0,0.0,0.0,0.0,0.0,0.0,0.0,0.0,0.0,0.0,0.0,0.0,0.0,0.0,0.0,0.0,0,0,0.833,0.167,0.0,0.0,1,0.16865559553459614,-0.11704276927707138,-0.09614847371650391,1
0.0,0.2,0.6,0.006,0.0,0.194,0.0,0.0,0.0,0.0,0.0,0.0,0.0,0.0,0.0,0.0,0.0,0.0,0.0,0.0,0.0,0.0,0.0,0.0,0,0,0.833,0.167,0.0,0.0,1,-0.012433722803309082,-0.11704276927707138,-0.09614847371650391,0
0.0,0.0,0.6,0.0,0.0,0.0,0.0,0.0,0.0,0.0,0.4,0.0,0.0,0.0,0.0,0.0,0.0,0.0,0.0,0.0,0.0,0.0,0.0,0.0,0,0,1.0,0.0,0.0,0.0,1,-0.44121823943068234,-0.11705961702752866,-0.09786609232455466,1
0.0,0.0,0.5714,0.0,0.0,0.0,0.0,0.0,0.0,0.0,0.0,0.4286,0.0,0.0,0.0,0.0,0.0,0.0,0.0,0.0,0.0,0.0,0.0,0.0,0,0,0.5,0.5,0.0,0.0,0,-0.46140379020621936,-0.11362761113387124,-0.09786609232455466,1
0.0,0.0,0.6,0.0,0.0,0.0,0.0,0.0,0.0,0.0,0.4,0.0,0.0,0.0,0.0,0.0,0.0,0.0,0.0,0.0,0.0,0.0,0.0,0.0,0,0,0.0,0.0,1.0,0.0,0,-0.45724641519290726,-0.11362761113387124,-0.09786609232455466,1
0.0,0.0,0.5,0.0,0.0,0.0,0.0,0.0,0.0,0.0,0.0,0.0,0.0,0.0,0.5,0.0,0.0,0.0,0.0,0.0,0.0,0.0,0.0,0.0,0,0,1.0,0.0,0.0,0.0,1,-0.36418807324970026,-0.11649229597593501,-0.09786609232455466,0
0.0,0.0,0.5,0.0,0.0,0.0,0.0,0.0,0.0,0.0,0.0,0.0,0.0,0.0,0.5,0.0,0.0,0.0,0.0,0.0,0.0,0.0,0.0,0.0,0,0,1.0,0.0,0.0,0.0,1,0.13831814167371576,-0.11649229597593501,-0.09786609232455466,1
0.0,0.0,0.5,0.0,0.0,0.0,0.0,0.0,0.0,0.0,0.0,0.0,0.0,0.0,0.5,0.0,0.0,0.0,0.0,0.0,0.0,0.0,0.0,0.0,0,0,1.0,0.0,0.0,0.0,1,0.5403231136124486,-0.11649229597593501,-0.09786609232455466,1
0.0,0.0,0.5,0.0,0.0,0.0,0.0,0.0,0.0,0.0,0.0,0.0,0.0,0.0,0.5,0.0,0.0,0.0,0.0,0.0,0.0,0.0,0.0,0.0,0,0,1.0,0.0,0.0,0.0,1,0.5403231136124486,-0.11649229597593501,-0.09786609232455466,1
0.0,0.0,0.6667,0.0,0.0,0.0,0.0,0.0,0.0,0.0,0.0,0.0,0.0,0.0,0.0,0.0,0.0,0.3333,0.0,0.0,0.0,0.0,0.0,0.0,1,0,1.0,0.0,0.0,0.0,1,-0.4244888190405102,-0.11649229597593501,-0.09786609232455466,0
0.0,0.0,0.6667,0.0,0.0,0.0,0.0,0.0,0.0,0.0,0.0,0.0,0.0,0.0,0.0,0.0,0.0,0.3333,0.0,0.0,0.0,0.0,0.0,0.0,1,0,1.0,0.0,0.0,0.0,1,-0.36418807324970026,-0.11649229597593501,-0.09786609232455466,1
0.0,0.0,0.6667,0.0,0.0,0.0,0.0,0.0,0.0,0.0,0.0,0.0,0.0,0.0,0.0,0.0,0.0,0.3333,0.0,0.0,0.0,0.0,0.0,0.0,1,0,1.0,0.0,0.0,0.0,1,-0.2636868302650171,-0.11649229597593501,-0.09786609232455466,1
0.0,0.0,0.6667,0.0,0.0,0.0,0.0,0.0,0.0,0.0,0.0,0.0,0.0,0.0,0.0,0.0,0.0,0.3333,0.0,0.0,0.0,0.0,0.0,0.0,1,0,1.0,0.0,0.0,0.0,1,-0.16318558728033386,-0.11649229597593501,-0.09786609232455466,1
0.0,0.0,0.6667,0.0,0.0,0.0,0.0,0.0,0.0,0.0,0.0,0.0,0.0,0.0,0.0,0.0,0.0,0.3333,0.0,0.0,0.0,0.0,0.0,0.0,1,0,1.0,0.0,0.0,0.0,1,-0.06268434429565067,-0.11649229597593501,-0.09786609232455466,1
0.0,0.0,0.5714,0.0,0.0,0.0,0.0,0.0,0.0,0.0,0.0,0.4286,0.0,0.0,0.0,0.0,0.0,0.0,0.0,0.0,0.0,0.0,0.0,0.0,0,0,1.0,0.0,0.0,0.0,1,-0.2636868302650171,-0.11649229597593501,-0.09786609232455466,0
0.0,0.0,0.5714,0.0,0.0,0.0,0.0,0.0,0.0,0.0,0.0,0.4286,0.0,0.0,0.0,0.0,0.0,0.0,0.0,0.0,0.0,0.0,0.0,0.0,0,0,0.5,0.5,0.0,0.0,1,-0.06268434429565067,-0.11649229597593501,-0.09786609232455466,1
0.0,0.0,0.5714,0.0,0.0,0.0,0.0,0.0,0.0,0.0,0.0,0.4286,0.0,0.0,0.0,0.0,0.0,0.0,0.0,0.0,0.0,0.0,0.0,0.0,0,0,0.25,0.75,0.0,0.0,1,-0.0559426878821217,-0.11649229597593501,-0.09786609232455466,1
0.0,0.0,0.5714,0.0,0.0,0.0,0.0,0.0,0.0,0.0,0.0,0.4286,0.0,0.0,0.0,0.0,0.0,0.0,0.0,0.0,0.0,0.0,0.0,0.0,0,1,0.25,0.75,0.0,0.0,1,-0.0559426878821217,-0.11649229597593501,-0.09786609232455466,1
0.0,0.0,0.7143,0.0,0.0,0.0,0.0,0.2857,0.0,0.0,0.0,0.0,0.0,0.0,0.0,0.0,0.0,0.0,0.0,0.0,0.0,0.0,0.0,0.0,0,0,1.0,0.0,0.0,0.0,1,-0.462375916836081,-0.1170624249859382,-0.09786609232455466,0
0.0,0.0,0.7143,0.0,0.0,0.0,0.0,0.2857,0.0,0.0,0.0,0.0,0.0,0.0,0.0,0.0,0.0,0.0,0.0,0.0,0.0,0.0,0.0,0.0,0,0,1.0,0.0,0.0,0.0,1,-0.46006251743777854,-0.1170624249859382,-0.09786609232455466,1
0.0,0.0,0.7143,0.0,0.0,0.0,0.0,0.2857,0.0,0.0,0.0,0.0,0.0,0.0,0.0,0.0,0.0,0.0,0.0,0.0,0.0,0.0,0.0,0.0,0,0,1.0,0.0,0.0,0.0,1,-0.4577491180394761,-0.1170624249859382,-0.09786609232455466,1
0.0,0.0,0.7143,0.0,0.0,0.0,0.0,0.2857,0.0,0.0,0.0,0.0,0.0,0.0,0.0,0.0,0.0,0.0,0.0,0.0,0.0,0.0,0.0,0.0,0,0,1.0,0.0,0.0,0.0,1,-0.4554357186411736,-0.1170624249859382,-0.09786609232455466,1
0.0,0.0,0.7143,0.0,0.0,0.0,0.0,0.2857,0.0,0.0,0.0,0.0,0.0,0.0,0.0,0.0,0.0,0.0,0.0,0.0,0.0,0.0,0.0,0.0,0,0,1.0,0.0,0.0,0.0,1,-0.4415553222513588,-0.1170624249859382,-0.09786609232455466,1
0.0,0.0,0.7143,0.0,0.0,0.0,0.0,0.2857,0.0,0.0,0.0,0.0,0.0,0.0,0.0,0.0,0.0,0.0,0.0,0.0,0.0,0.0,0.0,0.0,0,0,1.0,0.0,0.0,0.0,1,-0.4415553222513588,-0.1170624249859382,-0.09786609232455466,0
0.0,0.0,0.6,0.0,0.0,0.0,0.0,0.0,0.4,0.0,0.0,0.0,0.0,0.0,0.0,0.0,0.0,0.0,0.0,0.0,0.0,0.0,0.0,0.0,0,0,1.0,0.0,0.0,0.0,1,-0.4479391090702696,-0.11649229597593501,-0.09786609232455466,0
0.0,0.0,0.6,0.0,0.0,0.0,0.0,0.0,0.4,0.0,0.0,0.0,0.0,0.0,0.0,0.0,0.0,0.0,0.0,0.0,0.0,0.0,0.0,0.0,0,0,1.0,0.0,0.0,0.0,1,-0.36418807324970026,-0.11649229597593501,-0.09786609232455466,1
0.0,0.0,0.6,0.0,0.0,0.0,0.0,0.0,0.4,0.0,0.0,0.0,0.0,0.0,0.0,0.0,0.0,0.0,0.0,0.0,0.0,0.0,0.0,0.0,0,0,1.0,0.0,0.0,0.0,1,-0.33068765892147256,-0.11649229597593501,-0.09786609232455466,1
0.0,0.0,0.6,0.0,0.0,0.0,0.0,0.0,0.4,0.0,0.0,0.0,0.0,0.0,0.0,0.0,0.0,0.0,0.0,0.0,0.0,0.0,0.0,0.0,0,0,1.0,0.0,0.0,0.0,1,-0.2636868302650171,-0.11649229597593501,-0.09786609232455466,1
0.0,0.0,0.6,0.0,0.0,0.0,0.0,0.0,0.4,0.0,0.0,0.0,0.0,0.0,0.0,0.0,0.0,0.0,0.0,0.0,0.0,0.0,0.0,0.0,0,0,1.0,0.0,0.0,0.0,1,-0.2636868302650171,-0.11649229597593501,-0.09786609232455466,1
0.0,0.0,0.6,0.0,0.0,0.0,0.0,0.0,0.0,0.4,0.0,0.0,0.0,0.0,0.0,0.0,0.0,0.0,0.0,0.0,0.0,0.0,0.0,0.0,0,0,1.0,0.0,0.0,0.0,1,-0.2636868302650171,-0.11649229597593501,-0.09786609232455466,0
0.0,0.0,0.6,0.0,0.0,0.0,0.0,0.0,0.0,0.4,0.0,0.0,0.0,0.0,0.0,0.0,0.0,0.0,0.0,0.0,0.0,0.0,0.0,0.0,0,0,1.0,0.0,0.0,0.0,1,-0.2636868302650171,-0.11649229597593501,-0.09786609232455466,1
0.0,0.0,0.6,0.0,0.0,0.0,0.0,0.0,0.0,0.4,0.0,0.0,0.0,0.0,0.0,0.0,0.0,0.0,0.0,0.0,0.0,0.0,0.0,0.0,0,0,1.0,0.0,0.0,0.0,1,-0.2636868302650171,-0.11649229597593501,-0.09786609232455466,1
0.0,0.0,0.6,0.0,0.0,0.0,0.0,0.0,0.0,0.4,0.0,0.0,0.0,0.0,0.0,0.0,0.0,0.0,0.0,0.0,0.0,0.0,0.0,0.0,0,0,0.25,0.75,0.0,0.0,1,-0.2603160020582526,-0.11649229597593501,-0.09786609232455466,1
0.0,0.0,0.6,0.0,0.0,0.0,0.0,0.0,0.0,0.4,0.0,0.0,0.0,0.0,0.0,0.0,0.0,0.0,0.0,0.0,0.0,0.0,0.0,0.0,0,0,1.0,0.0,0.0,0.0,1,-0.2636868302650171,-0.11649229597593501,-0.09786609232455466,1
0.0,0.0,0.6,0.0,0.0,0.0,0.0,0.0,0.0,0.0,0.4,0.0,0.0,0.0,0.0,0.0,0.0,0.0,0.0,0.0,0.0,0.0,0.0,0.0,0,0,1.0,0.0,0.0,0.0,1,-0.06268434429565067,-0.11591935900752225,-0.09786609232455466,1
0.0,0.0,0.6,0.0,0.0,0.0,0.0,0.0,0.0,0.0,0.4,0.0,0.0,0.0,0.0,0.0,0.0,0.0,0.0,0.0,0.0,0.0,0.0,0.0,0,0,1.0,0.0,0.0,0.0,1,0.13831814167371576,-0.11591935900752225,-0.09786609232455466,1
0.0,0.0,0.6,0.0,0.0,0.0,0.0,0.0,0.0,0.0,0.4,0.0,0.0,0.0,0.0,0.0,0.0,0.0,0.0,0.0,0.0,0.0,0.0,0.0,0,0,1.0,0.0,0.0,0.0,1,0.5403231136124486,-0.11591935900752225,-0.09786609232455466,1
0.0,0.0,0.6667,0.0,0.0,0.0,0.3333,0.0,0.0,0.0,0.0,0.0,0.0,0.0,0.0,0.0,0.0,0.0,0.0,0.0,0.0,0.0,0.0,0.0,0,0,1.0,0.0,0.0,0.0,1,0.13831814167371576,-0.11362761113387124,-0.09786609232455466,0
0.0,0.0,0.6667,0.0,0.0,0.0,0.3333,0.0,0.0,0.0,0.0,0.0,0.0,0.0,0.0,0.0,0.0,0.0,0.0,0.0,0.0,0.0,0.0,0.0,0,0,1.0,0.0,0.0,0.0,1,0.741325599581815,-0.11362761113387124,-0.09786609232455466,1
0.0,0.0,0.6667,0.0,0.0,0.0,0.3333,0.0,0.0,0.0,0.0,0.0,0.0,0.0,0.0,0.0,0.0,0.0,0.0,0.0,0.0,0.0,0.0,0.0,0,0,1.0,0.0,0.0,0.0,1,1.9473405153980134,-0.11362761113387124,-0.09786609232455466,1
0.0,0.0,0.6667,0.0,0.0,0.0,0.3333,0.0,0.0,0.0,0.0,0.0,0.0,0.0,0.0,0.0,0.0,0.0,0.0,0.0,0.0,0.0,0.0,0.0,0,0,1.0,0.0,0.0,0.0,1,0.741325599581815,-0.11584419648492682,-0.09271323650040243,1
0.0,0.0,0.6667,0.0,0.0,0.0,0.3333,0.0,0.0,0.0,0.0,0.0,0.0,0.0,0.0,0.0,0.0,0.0,0.0,0.0,0.0,0.0,0.0,0.0,0,0,1.0,0.0,0.0,0.0,1,2.068690330841535,-0.11584419648492682,-0.09271323650040243,1
0.0,0.0,0.6667,0.0,0.0,0.0,0.3333,0.0,0.0,0.0,0.0,0.0,0.0,0.0,0.0,0.0,0.0,0.0,0.0,0.0,0.0,0.0,0.0,0.0,0,0,1.0,0.0,0.0,0.0,1,4.602069977917453,-0.11584419648492682,-0.09271323650040243,1
0.0,0.0,0.5,0.0,0.0,0.0,0.0,0.0,0.0,0.0,0.0,0.0,0.0,0.0,0.5,0.0,0.0,0.0,0.0,0.0,0.0,0.0,0.0,0.0,0,0,1.0,0.0,0.0,0.0,1,-0.4645888149913988,-0.11248173719704573,-0.09786609232455466,0
0.0,0.0,0.5,0.0,0.0,0.0,0.0,0.0,0.0,0.0,0.0,0.0,0.0,0.0,0.5,0.0,0.0,0.0,0.0,0.0,0.0,0.0,0.0,0.0,0,0,1.0,0.0,0.0,0.0,1,-0.4606692665149961,-0.11248173719704573,-0.09786609232455466,1
0.0,0.0,0.5,0.0,0.0,0.0,0.0,0.0,0.0,0.0,0.0,0.0,0.0,0.0,0.5,0.0,0.0,0.0,0.0,0.0,0.0,0.0,0.0,0.0,0,0,1.0,0.0,0.0,0.0,1,-0.4586592416553025,-0.11248173719704573,-0.09786609232455466,1
0.0,0.0,0.6667,0.0,0.0,0.0,0.3333,0.0,0.0,0.0,0.0,0.0,0.0,0.0,0.0,0.0,0.0,0.0,0.0,0.0,0.0,0.0,0.0,0.0,0,0,1.0,0.0,0.0,0.0,1,1.9877904538791873,-0.11704276927707138,-0.09786609232455466,0
0.0,0.0,0.6667,0.0,0.0,0.0,0.3333,0.0,0.0,0.0,0.0,0.0,0.0,0.0,0.0,0.0,0.0,0.0,0.0,0.0,0.0,0.0,0.0,0.0,1,0,1.0,0.0,0.0,0.0,1,1.9877904538791873,-0.11704276927707138,-0.09786609232455466,1
0.0,0.0,0.7143,0.0,0.0,0.0,0.0,0.0,0.0,0.0,0.0,0.0,0.0,0.0,0.0,0.0,0.0,0.0,0.0,0.0,0.0,0.2857,0.0,0.0,0,0,0.0,0.0,0.0,1.0,1,-0.4503831842420543,-0.11666587885943432,-0.09786609232455466,0
0.0,0.0,0.7143,0.0,0.0,0.0,0.0,0.0,0.0,0.0,0.0,0.0,0.0,0.0,0.0,0.2857,0.0,0.0,0.0,0.0,0.0,0.0,0.0,0.0,0,0,0.0,1.0,0.0,0.0,1,-0.4224663221164515,-0.1167989968877388,-0.09786609232455466,0
0.0,0.0,0.6667,0.0,0.0,0.0,0.0,0.0,0.0,0.0,0.0,0.0,0.0,0.0,0.0,0.0,0.0,0.0,0.0,0.3333,0.0,0.0,0.0,0.0,0,0,0.0,0.0,0.0,1.0,1,-0.362502659146318,-0.11626652477452087,-0.09786609232455466,0
0.0,0.0,0.6667,0.0,0.0,0.0,0.0,0.0,0.0,0.0,0.0,0.0,0.0,0.0,0.0,0.0,0.0,0.3333,0.0,0.0,0.0,0.0,0.0,0.0,0,0,0.5,0.5,0.0,0.0,1,0.3528039404701401,-0.1167989968877388,-0.09786609232455466,0
0.0,0.0,0.6667,0.0,0.0,0.0,0.3333,0.0,0.0,0.0,0.0,0.0,0.0,0.0,0.0,0.0,0.0,0.0,0.0,0.0,0.0,0.0,0.0,0.0,0,0,1.0,0.0,0.0,0.0,1,-0.16318558728033386,-0.08302937343467917,-0.09786609232455466,0
0.0,0.0,0.6667,0.0,0.0,0.0,0.3333,0.0,0.0,0.0,0.0,0.0,0.0,0.0,0.0,0.0,0.0,0.0,0.0,0.0,0.0,0.0,0.0,0.0,0,0,1.0,0.0,0.0,0.0,1,0.18888056477518306,-0.003612367912119151,-0.09786609232455466,1
0.0,0.0,0.6667,0.0,0.0,0.0,0.3333,0.0,0.0,0.0,0.0,0.0,0.0,0.0,0.0,0.0,0.0,0.0,0.0,0.0,0.0,0.0,0.0,0.0,0,0,1.0,0.0,0.0,0.0,1,0.8424504457847496,-0.003612367912119151,-0.09786609232455466,1
0.0,0.0,0.6667,0.0,0.0,0.0,0.0,0.0,0.0,0.3333,0.0,0.0,0.0,0.0,0.0,0.0,0.0,0.0,0.0,0.0,0.0,0.0,0.0,0.0,0,0,1.0,0.0,0.0,0.0,1,-0.46421763202987565,-0.11639964280282536,-0.09786609232455466,0
0.0,0.0,0.6667,0.0,0.0,0.0,0.0,0.0,0.0,0.3333,0.0,0.0,0.0,0.0,0.0,0.0,0.0,0.0,0.0,0.0,0.0,0.0,0.0,0.0,0,0,1.0,0.0,0.0,0.0,1,-0.4639031758935371,-0.11639964280282536,-0.09786609232455466,1
0.0,0.0,0.6667,0.0,0.0,0.0,0.0,0.0,0.0,0.3333,0.0,0.0,0.0,0.0,0.0,0.0,0.0,0.0,0.0,0.0,0.0,0.0,0.0,0.0,0,0,1.0,0.0,0.0,0.0,1,-0.46358871975719856,-0.11639964280282536,-0.09786609232455466,1
0.0,0.0,0.6667,0.0,0.0,0.0,0.0,0.0,0.0,0.3333,0.0,0.0,0.0,0.0,0.0,0.0,0.0,0.0,0.0,0.0,0.0,0.0,0.0,0.0,0,0,1.0,0.0,0.0,0.0,1,-0.46358871975719856,-0.11693211491604329,-0.09786609232455466,1
0.0,0.0,0.6667,0.0,0.0,0.0,0.0,0.0,0.0,0.0,0.0,0.0,0.0,0.0,0.0,0.0,0.0,0.3333,0.0,0.0,0.0,0.0,0.0,0.0,0,0,1.0,0.0,0.0,0.0,1,-0.36418807324970026,-0.11591935900752225,-0.09786609232455466,0
0.0,0.0,0.6667,0.0,0.0,0.0,0.0,0.0,0.0,0.0,0.0,0.0,0.0,0.0,0.0,0.0,0.0,0.3333,0.0,0.0,0.0,0.0,0.0,0.0,1,0,1.0,0.0,0.0,0.0,1,-0.36418807324970026,-0.11477348507069675,-0.09786609232455466,1
0.0,0.0,0.6667,0.0,0.0,0.0,0.0,0.0,0.0,0.0,0.0,0.0,0.0,0.0,0.0,0.0,0.0,0.3333,0.0,0.0,0.0,0.0,0.0,0.0,1,0,1.0,0.0,0.0,0.0,1,-0.2636868302650171,-0.11591935900752225,-0.09786609232455466,1
0.0,0.0,0.6667,0.0,0.0,0.0,0.0,0.0,0.0,0.0,0.0,0.0,0.0,0.0,0.0,0.0,0.0,0.3333,0.0,0.0,0.0,0.0,0.0,0.0,1,0,1.0,0.0,0.0,0.0,1,-0.06268434429565067,-0.11591935900752225,-0.09786609232455466,1
0.0,0.0,0.6667,0.0,0.0,0.0,0.0,0.0,0.0,0.0,0.0,0.0,0.0,0.0,0.0,0.0,0.0,0.3333,0.0,0.0,0.0,0.0,0.0,0.0,0,0,0.5,0.5,0.0,0.0,1,-0.43788898477180127,-0.11477348507069675,-0.09786609232455466,0
0.0,0.0,0.6667,0.0,0.0,0.0,0.0,0.0,0.0,0.0,0.0,0.0,0.0,0.0,0.0,0.0,0.0,0.3333,0.0,0.0,0.0,0.0,0.0,0.0,0,0,0.5,0.5,0.0,0.0,1,-0.39768848757792796,-0.11477348507069675,-0.09786609232455466,1
0.0,0.0,0.6667,0.0,0.0,0.0,0.0,0.0,0.0,0.0,0.0,0.0,0.0,0.0,0.0,0.0,0.0,0.3333,0.0,0.0,0.0,0.0,0.0,0.0,1,0,0.5,0.5,0.0,0.0,1,-0.33068765892147256,-0.11477348507069675,-0.09786609232455466,1
0.0,0.0,0.6667,0.0,0.0,0.0,0.0,0.0,0.0,0.0,0.0,0.0,0.0,0.0,0.0,0.0,0.0,0.3333,0.0,0.0,0.0,0.0,0.0,0.0,1,0,0.5,0.5,0.0,0.0,1,-0.19668600160856162,-0.11477348507069675,-0.09786609232455466,1
0.0,0.0,0.6667,0.0,0.0,0.0,0.3333,0.0,0.0,0.0,0.0,0.0,0.0,0.0,0.0,0.0,0.0,0.0,0.0,0.0,0.0,0.0,0.0,0.0,0,0,1.0,0.0,0.0,0.0,1,0.13831814167371576,-0.11362761113387124,-0.09786609232455466,0
0.0,0.0,0.6667,0.0,0.0,0.0,0.3333,0.0,0.0,0.0,0.0,0.0,0.0,0.0,0.0,0.0,0.0,0.0,0.0,0.0,0.0,0.0,0.0,0.0,0,0,1.0,0.0,0.0,0.0,1,0.37977056612425597,-0.11362761113387124,-0.09786609232455466,1
0.0,0.0,0.6667,0.0,0.0,0.0,0.3333,0.0,0.0,0.0,0.0,0.0,0.0,0.0,0.0,0.0,0.0,0.0,0.0,0.0,0.0,0.0,0.0,0.0,0,0,1.0,0.0,0.0,0.0,1,1.2242304484828954,-0.11362761113387124,-0.09786609232455466,1
0.0,0.0,0.6667,0.0,0.3333,0.0,0.0,0.0,0.0,0.0,0.0,0.0,0.0,0.0,0.0,0.0,0.0,0.0,0.0,0.0,0.0,0.0,0.0,0.0,0,0,1.0,0.0,0.0,0.0,0,-0.4501655411008375,-0.11686555590189103,-0.09786609232455466,1
0.0,0.0,0.6667,0.0,0.3333,0.0,0.0,0.0,0.0,0.0,0.0,0.0,0.0,0.0,0.0,0.0,0.0,0.0,0.0,0.0,0.0,0.0,0.0,0.0,0,0,1.0,0.0,0.0,0.0,0,-0.461058372450997,-0.11686555590189103,-0.09786609232455466,0
0.0,0.0,0.6667,0.0,0.3333,0.0,0.0,0.0,0.0,0.0,0.0,0.0,0.0,0.0,0.0,0.0,0.0,0.0,0.0,0.0,0.0,0.0,0.0,0.0,0,0,1.0,0.0,0.0,0.0,0,-0.4574274286676105,-0.11686555590189103,-0.09786609232455466,1
0.0,0.0,0.5,0.5,0.0,0.0,0.0,0.0,0.0,0.0,0.0,0.0,0.0,0.0,0.0,0.0,0.0,0.0,0.0,0.0,0.0,0.0,0.0,0.0,0,0,1.0,0.0,0.0,0.0,1,-0.18320268878150364,-0.11706523294434776,-0.09700728302052929,1
0.0,0.0,0.5,0.5,0.0,0.0,0.0,0.0,0.0,0.0,0.0,0.0,0.0,0.0,0.0,0.0,0.0,0.0,0.0,0.0,0.0,0.0,0.0,0.0,0,0,1.0,0.0,0.0,0.0,1,0.09828393867137616,-0.11706523294434776,-0.09700728302052929,1
0.0,0.0,0.5,0.5,0.0,0.0,0.0,0.0,0.0,0.0,0.0,0.0,0.0,0.0,0.0,0.0,0.0,0.0,0.0,0.0,0.0,0.0,0.0,0.0,0,0,1.0,0.0,0.0,0.0,1,0.6612571935771357,-0.11706523294434776,-0.09700728302052929,1
0.0,0.0,0.5,0.5,0.0,0.0,0.0,0.0,0.0,0.0,0.0,0.0,0.0,0.0,0.0,0.0,0.0,0.0,0.0,0.0,0.0,0.0,0.0,0.0,0,0,1.0,0.0,0.0,0.0,1,1.2242304484828954,-0.11706523294434776,-0.09700728302052929,1
0.0,0.0,0.6667,0.0,0.0,0.0,0.0,0.0,0.0,0.0,0.0,0.0,0.0,0.0,0.0,0.0,0.0,0.0,0.0,0.3333,0.0,0.0,0.0,0.0,0,0,0.333,0.667,0.0,0.0,1,-0.2636868302650171,-0.11706459382654141,-0.09786609232455466,0
0.0,0.0,0.6667,0.0,0.0,0.0,0.0,0.0,0.0,0.0,0.0,0.0,0.0,0.0,0.0,0.0,0.0,0.0,0.0,0.3333,0.0,0.0,0.0,0.0,0,0,0.333,0.667,0.0,0.0,1,-0.25357434564472364,-0.11706459382654141,-0.09786609232455466,1
0.0,0.0,0.6667,0.0,0.0,0.0,0.0,0.0,0.0,0.0,0.0,0.0,0.0,0.0,0.0,0.0,0.0,0.0,0.0,0.3333,0.0,0.0,0.0,0.0,0,0,0.333,0.667,0.0,0.0,1,-0.042459375055063746,-0.11706459382654141,-0.09786609232455466,1
0.0,0.0,0.6667,0.0,0.0,0.0,0.0,0.0,0.0,0.0,0.0,0.0,0.0,0.0,0.0,0.0,0.0,0.0,0.0,0.3333,0.0,0.0,0.0,0.0,0,0,1.0,0.0,0.0,0.0,1,-0.443725573811814,-0.11693211491604329,-0.09786609232455466,0
0.0,0.0,0.6667,0.0,0.0,0.0,0.0,0.0,0.0,0.0,0.0,0.0,0.0,0.0,0.0,0.0,0.0,0.0,0.0,0.3333,0.0,0.0,0.0,0.0,0,0,1.0,0.0,0.0,0.0,1,-0.4182673937802252,-0.11693211491604329,-0.09786609232455466,1
0.0,0.0,0.6667,0.0,0.0,0.0,0.0,0.0,0.0,0.0,0.0,0.0,0.0,0.0,0.0,0.0,0.0,0.0,0.0,0.3333,0.0,0.0,0.0,0.0,0,0,1.0,0.0,0.0,0.0,1,-0.3186818924583797,-0.11693211491604329,-0.09786609232455466,1
0.0,0.0,0.625,0.0,0.0,0.0,0.0,0.0,0.0,0.0,0.125,0.0,0.0,0.0,0.0,0.0,0.0,0.0,0.0,0.25,0.0,0.0,0.0,0.0,0,0,1.0,0.0,0.0,0.0,1,-0.4433062989633626,-0.11693211491604329,-0.09786609232455466,0
0.0,0.0,0.625,0.0,0.0,0.0,0.0,0.0,0.0,0.0,0.125,0.0,0.0,0.0,0.0,0.0,0.0,0.0,0.0,0.25,0.0,0.0,0.0,0.0,0,0,1.0,0.0,0.0,0.0,1,-0.417338955331142,-0.11693211491604329,-0.09786609232455466,1
0.0,0.0,0.625,0.0,0.0,0.0,0.0,0.0,0.0,0.0,0.125,0.0,0.0,0.0,0.0,0.0,0.0,0.0,0.0,0.25,0.0,0.0,0.0,0.0,0,0,1.0,0.0,0.0,0.0,1,-0.3157617439828596,-0.11693211491604329,-0.09786609232455466,1
0.0,0.0,0.6667,0.0,0.0,0.0,0.3333,0.0,0.0,0.0,0.0,0.0,0.0,0.0,0.0,0.0,0.0,0.0,0.0,0.0,0.0,0.0,0.0,0.0,0,0,1.0,0.0,0.0,0.0,1,0.33932062764308213,0.2875833190039343,-0.09786609232455466,0
0.0,0.0,0.6667,0.0,0.0,0.0,0.3333,0.0,0.0,0.0,0.0,0.0,0.0,0.0,0.0,0.0,0.0,0.0,0.0,0.0,0.0,0.0,0.0,0.0,0,0,1.0,0.0,0.0,0.0,1,0.8020005073035757,0.2875833190039343,-0.09786609232455466,1
0.0,0.0,0.6667,0.0,0.0,0.0,0.3333,0.0,0.0,0.0,0.0,0.0,0.0,0.0,0.0,0.0,0.0,0.0,0.0,0.0,0.0,0.0,0.0,0.0,0,0,1.0,0.0,0.0,0.0,1,2.068690330841535,0.2875833190039343,-0.09786609232455466,1
0.0,0.0,0.6667,0.0,0.0,0.0,0.3333,0.0,0.0,0.0,0.0,0.0,0.0,0.0,0.0,0.0,0.0,0.0,0.0,0.0,0.0,0.0,0.0,0.0,0,0,1.0,0.0,0.0,0.0,1,0.33932062764308213,-0.04142998958952869,-0.09786609232455466,0
0.0,0.0,0.6667,0.0,0.0,0.0,0.3333,0.0,0.0,0.0,0.0,0.0,0.0,0.0,0.0,0.0,0.0,0.0,0.0,0.0,0.0,0.0,0.0,0.0,0,0,1.0,0.0,0.0,0.0,1,0.8020005073035757,-0.04142998958952869,-0.09786609232455466,1
0.0,0.0,0.6667,0.0,0.0,0.0,0.3333,0.0,0.0,0.0,0.0,0.0,0.0,0.0,0.0,0.0,0.0,0.0,0.0,0.0,0.0,0.0,0.0,0.0,0,0,1.0,0.0,0.0,0.0,1,2.068690330841535,-0.04142998958952869,-0.09786609232455466,1
0.0,0.0,0.5,0.0,0.0,0.0,0.0,0.0,0.0,0.0,0.0,0.0,0.0,0.0,0.5,0.0,0.0,0.0,0.0,0.0,0.0,0.0,0.0,0.0,0,0,1.0,0.0,0.0,0.0,0,-0.3159474766170523,-0.003612367912119151,-0.09786609232455466,0
0.0,0.0,0.5,0.0,0.0,0.0,0.0,0.0,0.0,0.0,0.0,0.0,0.0,0.0,0.5,0.0,0.0,0.0,0.0,0.0,0.0,0.0,0.0,0.0,0,0,1.0,0.0,0.0,0.0,0,-0.3159474766170523,-0.060338800428233454,-0.09786609232455466,1
0.0,0.0,0.5,0.0,0.0,0.0,0.0,0.0,0.0,0.0,0.0,0.0,0.0,0.0,0.5,0.0,0.0,0.0,0.0,0.0,0.0,0.0,0.0,0.0,0,0,1.0,0.0,0.0,0.0,0,-0.3159474766170523,-0.09437465993790205,-0.09786609232455466,1
0.0,0.0,0.6667,0.0,0.0,0.0,0.3333,0.0,0.0,0.0,0.0,0.0,0.0,0.0,0.0,0.0,0.0,0.0,0.0,0.0,0.0,0.0,0.0,0.0,0,0,1.0,0.0,0.0,0.0,1,-0.31393745175735865,-0.07168408693145631,-0.09786609232455466,0
0.0,0.0,0.6667,0.0,0.0,0.0,0.3333,0.0,0.0,0.0,0.0,0.0,0.0,0.0,0.0,0.0,0.0,0.0,0.0,0.0,0.0,0.0,0.0,0.0,0,0,1.0,0.0,0.0,0.0,1,0.13831814167371576,-0.04142998958952869,-0.09786609232455466,1
0.0,0.0,0.6667,0.0,0.0,0.0,0.3333,0.0,0.0,0.0,0.0,0.0,0.0,0.0,0.0,0.0,0.0,0.0,0.0,0.0,0.0,0.0,0.0,0.0,0,0,1.0,0.0,0.0,0.0,1,2.068690330841535,0.03420525376529038,-0.09786609232455466,1
0.0,0.125,0.625,0.0,0.0,0.0,0.0,0.0,0.0,0.0,0.0,0.0,0.0,0.0,0.0,0.0,0.0,0.0,0.0,0.0,0.0,0.25,0.0,0.0,0,0,0.0,1.0,0.0,0.0,1,-0.4596642540851493,-0.11276820568125209,-0.09786609232455466,0
0.0,0.125,0.625,0.0,0.0,0.0,0.0,0.0,0.0,0.0,0.0,0.0,0.0,0.0,0.0,0.0,0.0,0.0,0.0,0.0,0.0,0.25,0.0,0.0,0,0,0.0,0.0,0.0,1.0,1,-0.461283094331448,-0.11276820568125209,-0.09786609232455466,1
0.0,0.125,0.625,0.0,0.0,0.0,0.0,0.0,0.0,0.0,0.0,0.0,0.0,0.0,0.0,0.0,0.0,0.0,0.0,0.0,0.0,0.25,0.0,0.0,0,0,0.0,0.0,0.0,1.0,1,-0.4510644286226414,-0.11276820568125209,-0.09786609232455466,1
0.0,0.0,0.6667,0.0,0.0,0.0,0.3333,0.0,0.0,0.0,0.0,0.0,0.0,0.0,0.0,0.0,0.0,0.0,0.0,0.0,0.0,0.0,0.0,0.0,0,0,1.0,0.0,0.0,0.0,1,-0.16318558728033386,-0.10331474570244166,-0.09786609232455466,0
0.0,0.0,0.6667,0.0,0.0,0.0,0.3333,0.0,0.0,0.0,0.0,0.0,0.0,0.0,0.0,0.0,0.0,0.0,0.0,0.0,0.0,0.0,0.0,0.0,0,0,1.0,0.0,0.0,0.0,1,0.37977056612425597,-0.10331474570244166,-0.09786609232455466,1
0.0,0.0,0.6667,0.0,0.0,0.0,0.3333,0.0,0.0,0.0,0.0,0.0,0.0,0.0,0.0,0.0,0.0,0.0,0.0,0.0,0.0,0.0,0.0,0.0,0,0,1.0,0.0,0.0,0.0,1,1.2242304484828954,-0.10331474570244166,-0.09786609232455466,1
0.0,0.0,0.6,0.0,0.0,0.0,0.0,0.0,0.0,0.4,0.0,0.0,0.0,0.0,0.0,0.0,0.0,0.0,0.0,0.0,0.0,0.0,0.0,0.0,0,0,1.0,0.0,0.0,0.0,1,-0.2603160020582526,-0.11649229597593501,-0.09786609232455466,0
0.0,0.0,0.6,0.0,0.0,0.0,0.0,0.0,0.0,0.4,0.0,0.0,0.0,0.0,0.0,0.0,0.0,0.0,0.0,0.0,0.0,0.0,0.0,0.0,0,0,1.0,0.0,0.0,0.0,1,-0.2603160020582526,-0.11649229597593501,-0.09786609232455466,1
0.0,0.0,0.6,0.0,0.0,0.0,0.0,0.0,0.0,0.4,0.0,0.0,0.0,0.0,0.0,0.0,0.0,0.0,0.0,0.0,0.0,0.0,0.0,0.0,0,0,1.0,0.0,0.0,0.0,1,-0.2603160020582526,-0.11649229597593501,-0.09786609232455466,1
0.0,0.0,0.6,0.0,0.0,0.0,0.0,0.0,0.0,0.4,0.0,0.0,0.0,0.0,0.0,0.0,0.0,0.0,0.0,0.0,0.0,0.0,0.0,0.0,0,0,0.25,0.75,0.0,0.0,1,-0.2603160020582526,-0.11649229597593501,-0.09786609232455466,1
0.0,0.0,0.5,0.0,0.0,0.0,0.0,0.0,0.0,0.0,0.0,0.0,0.0,0.5,0.0,0.0,0.0,0.0,0.0,0.0,0.0,0.0,0.0,0.0,0,0,1.0,0.0,0.0,0.0,1,-0.4629862052829157,-0.11704276927707138,-0.09786609232455466,0
0.0,0.0,0.5,0.0,0.0,0.0,0.0,0.0,0.0,0.0,0.0,0.0,0.0,0.5,0.0,0.0,0.0,0.0,0.0,0.0,0.0,0.0,0.0,0.0,0,0,1.0,0.0,0.0,0.0,1,-0.4442519848167704,-0.11704276927707138,-0.09786609232455466,1
0.0,0.0,0.5,0.0,0.0,0.0,0.0,0.0,0.0,0.0,0.0,0.0,0.0,0.5,0.0,0.0,0.0,0.0,0.0,0.0,0.0,0.0,0.0,0.0,0,0,1.0,0.0,0.0,0.0,1,-0.3420653277287049,-0.1170090737761568,-0.09786609232455466,1
0.0,0.0,0.75,0.0,0.0,0.0,0.0,0.0,0.0,0.0,0.0,0.0,0.0,0.0,0.0,0.0,0.0,0.0,0.0,0.0,0.0,0.0,0.25,0.0,0,0,0.0,0.667,0.0,0.333,1,-0.46435431209110123,-0.11705400111070956,-0.09786609232455466,0
0.0,0.0,0.75,0.0,0.0,0.0,0.0,0.0,0.0,0.0,0.0,0.0,0.0,0.0,0.0,0.0,0.0,0.0,0.0,0.0,0.0,0.0,0.25,0.0,0,0,0.0,0.333,0.0,0.667,1,-0.4640193079478189,-0.11705400111070956,-0.09786609232455466,1
0.0,0.0,0.75,0.0,0.0,0.0,0.0,0.0,0.0,0.0,0.0,0.0,0.0,0.0,0.0,0.0,0.0,0.0,0.0,0.0,0.0,0.0,0.25,0.0,0,0,0.5,0.5,0.0,0.0,1,-0.46267929137468977,-0.11705400111070956,-0.09786609232455466,1
0.0,0.0,0.75,0.0,0.0,0.0,0.0,0.0,0.0,0.0,0.0,0.0,0.0,0.0,0.0,0.0,0.0,0.0,0.0,0.0,0.0,0.0,0.25,0.0,0,0,0.0,1.0,0.0,0.0,1,-0.4546391919359151,-0.11705400111070956,-0.09786609232455466,0
0.0,0.0,0.75,0.0,0.0,0.0,0.0,0.0,0.0,0.0,0.0,0.0,0.0,0.0,0.0,0.0,0.0,0.0,0.0,0.0,0.0,0.0,0.25,0.0,0,0,0.0,1.0,0.0,0.0,1,-0.4435778191754175,-0.11705400111070956,-0.09786609232455466,1
0.0,0.0,0.75,0.0,0.0,0.0,0.0,0.0,0.0,0.0,0.0,0.0,0.0,0.0,0.0,0.0,0.0,0.0,0.0,0.0,0.0,0.0,0.25,0.0,0,0,0.0,1.0,0.0,0.0,1,-0.4429036535340646,-0.11705400111070956,-0.09786609232455466,1
0.0,0.0,0.6667,0.0,0.0,0.0,0.0,0.0,0.0,0.0,0.0,0.0,0.0,0.0,0.0,0.0,0.0,0.3333,0.0,0.0,0.0,0.0,0.0,0.0,1,0,1.0,0.0,0.0,0.0,1,-0.4244888190405102,-0.11591935900752225,-0.09786609232455466,0
0.0,0.0,0.6667,0.0,0.0,0.0,0.0,0.0,0.0,0.0,0.0,0.0,0.0,0.0,0.0,0.0,0.0,0.3333,0.0,0.0,0.0,0.0,0.0,0.0,1,0,1.0,0.0,0.0,0.0,1,-0.36418807324970026,-0.11591935900752225,-0.09786609232455466,1
0.0,0.0,0.6667,0.0,0.0,0.0,0.0,0.0,0.0,0.0,0.0,0.0,0.0,0.0,0.0,0.0,0.0,0.3333,0.0,0.0,0.0,0.0,0.0,0.0,1,0,1.0,0.0,0.0,0.0,1,-0.2636868302650171,-0.11591935900752225,-0.09786609232455466,1
